tracking_number,origin,destination,carrier,transit_days,quantity,total_cost,weather_risk_score,traffic_risk_score,delayed,actual_delay_days
TRK-770487,Shanghai Port (CN),Port of Los Angeles (US),FedEx Supply Chain,11,960,3099.55,0.59,0.45,0,0.0
TRK-356787,Ningbo-Zhoushan (CN),Port of Long Beach (US),Maersk Line,27,430,4976.72,0.18,0.64,0,0.0
TRK-809570,Rotterdam (NL),Port of Oakland (US),Maersk Line,25,869,7567.51,0.05,0.94,0,0.0
TRK-719176,Shenzhen Port (CN),Port of Los Angeles (US),Maersk Line,5,559,1070.22,0.07,0.52,0,0.0
TRK-198246,Ningbo-Zhoushan (CN),Port of Long Beach (US),Global Freight Air,14,2147,3633.27,0.46,0.76,1,3.9
TRK-731262,Shanghai Port (CN),Port of Oakland (US),DHL Express,27,1367,4551.75,0.6,0.2,0,0.0
TRK-850800,Rotterdam (NL),Port of Vancouver (CA),Global Freight Air,11,1397,4628.08,0.78,0.32,1,3.0
TRK-539898,Ningbo-Zhoushan (CN),Port of Seattle (US),Global Freight Air,24,2239,4844.6,0.5,0.08,0,0.0
TRK-391704,Singapore (SG),Port of Los Angeles (US),DHL Express,18,2055,5204.96,0.43,0.24,0,0.0
TRK-832052,Shenzhen Port (CN),Port of New York (US),FedEx Supply Chain,8,1600,3825.94,0.9,0.86,1,4.6
TRK-263032,Ningbo-Zhoushan (CN),Port of New York (US),Maersk Line,20,555,4506.19,0.92,0.81,1,8.0
TRK-197251,Shenzhen Port (CN),Port of Los Angeles (US),FedEx Supply Chain,19,1176,6163.89,0.6,0.3,0,0.0
TRK-988662,Hamburg Port (DE),Port of Oakland (US),FedEx Supply Chain,33,2162,4922.5,0.43,0.41,1,6.9
TRK-946335,Shanghai Port (CN),Port of Vancouver (CA),OceanNet Logistics,15,1622,5044.31,0.74,0.12,0,0.0
TRK-662275,Shanghai Port (CN),Port of Seattle (US),Maersk Line,11,2188,5264.9,0.45,0.14,0,0.0
TRK-678856,Hamburg Port (DE),Port of Vancouver (CA),Global Freight Air,27,1851,7428.15,0.3,0.56,0,0.0
TRK-479201,Yokohama (JP),Port of Long Beach (US),Maersk Line,7,1585,3322.84,0.26,0.28,0,0.0
TRK-148050,Rotterdam (NL),Port of Long Beach (US),FedEx Supply Chain,31,492,4725.18,0.45,0.23,0,0.0
TRK-183667,Singapore (SG),Port of Long Beach (US),Maersk Line,11,663,3064.64,0.18,0.59,0,0.0
TRK-498591,Hamburg Port (DE),Port of Seattle (US),FedEx Supply Chain,19,640,2813.13,0.31,0.2,0,0.0
TRK-270555,Hamburg Port (DE),Port of New York (US),DHL Express,6,1697,3001.99,0.77,0.22,0,0.0
TRK-802729,Hamburg Port (DE),Port of Vancouver (CA),Maersk Line,34,2081,10058.98,0.86,0.34,1,8.2
TRK-738720,Rotterdam (NL),Port of Long Beach (US),Global Freight Air,29,1406,8197.58,0.82,0.06,1,7.2
TRK-864544,Ningbo-Zhoushan (CN),Port of Long Beach (US),OceanNet Logistics,13,417,2001.56,0.35,0.9,1,4.1
TRK-497887,Hamburg Port (DE),Port of Vancouver (CA),Global Freight Air,28,1236,4882.74,0.27,0.68,1,7.3
TRK-330283,Rotterdam (NL),Port of New York (US),Maersk Line,9,798,2465.47,0.1,0.3,0,0.0
TRK-340174,Singapore (SG),Port of Los Angeles (US),FedEx Supply Chain,5,1761,1674.21,0.94,0.27,1,3.8
TRK-520651,Hamburg Port (DE),Port of Los Angeles (US),DHL Express,15,222,3834.11,0.47,0.94,1,5.0
TRK-694731,Rotterdam (NL),Port of New York (US),DHL Express,20,2291,5817.24,0.22,0.09,0,0.0
TRK-787277,Shenzhen Port (CN),Port of Seattle (US),OceanNet Logistics,24,2055,5392.57,0.25,0.63,0,0.0
TRK-249811,Hamburg Port (DE),Port of Long Beach (US),DHL Express,24,588,4898.02,0.89,0.17,1,6.2
TRK-881177,Yokohama (JP),Port of Oakland (US),FedEx Supply Chain,29,2069,9885.64,0.28,0.64,1,7.8
TRK-883300,Yokohama (JP),Port of Seattle (US),Global Freight Air,29,980,4382.16,0.86,0.86,1,10.1
TRK-518801,Hamburg Port (DE),Port of Long Beach (US),DHL Express,13,1782,5100.46,0.85,0.75,1,5.7
TRK-634277,Shenzhen Port (CN),Port of Los Angeles (US),Maersk Line,15,1748,4661.93,0.6,0.06,0,0.0
TRK-214975,Ningbo-Zhoushan (CN),Port of Vancouver (CA),DHL Express,34,1596,5512.54,0.19,0.54,0,0.0
TRK-930555,Rotterdam (NL),Port of Seattle (US),Global Freight Air,26,1056,6571.65,0.26,0.34,0,0.0
TRK-166613,Shenzhen Port (CN),Port of Seattle (US),Global Freight Air,24,1627,7551.87,0.64,0.56,1,5.6
TRK-590785,Yokohama (JP),Port of New York (US),Global Freight Air,23,569,3943.49,0.93,0.4,1,8.3
TRK-112038,Rotterdam (NL),Port of Vancouver (CA),Maersk Line,31,2174,8398.1,0.57,0.49,1,7.0
TRK-814825,Yokohama (JP),Port of New York (US),FedEx Supply Chain,33,915,4561.2,0.63,0.21,1,9.0
TRK-216970,Hamburg Port (DE),Port of Seattle (US),DHL Express,33,1169,7222.69,0.06,0.89,1,7.3
TRK-575763,Shanghai Port (CN),Port of Vancouver (CA),FedEx Supply Chain,25,706,7234.84,0.32,0.4,0,0.0
TRK-624902,Singapore (SG),Port of Long Beach (US),Global Freight Air,27,1284,4679.79,0.55,0.89,1,8.7
TRK-211579,Singapore (SG),Port of Vancouver (CA),FedEx Supply Chain,12,725,3945.74,0.18,0.52,0,0.0
TRK-982554,Rotterdam (NL),Port of Oakland (US),Global Freight Air,6,884,1784.87,0.69,0.55,1,2.8
TRK-308573,Ningbo-Zhoushan (CN),Port of New York (US),DHL Express,30,1990,7517.13,0.12,0.05,0,0.0
TRK-665579,Singapore (SG),Port of Oakland (US),Maersk Line,8,784,1391.5,0.41,0.1,0,0.0
TRK-728038,Hamburg Port (DE),Port of Seattle (US),Maersk Line,23,1266,3874.07,0.57,0.08,0,0.0
TRK-217301,Hamburg Port (DE),Port of New York (US),DHL Express,29,674,8169.82,0.82,0.28,1,6.4
TRK-160738,Ningbo-Zhoushan (CN),Port of Oakland (US),Maersk Line,19,1177,4167.81,0.8,0.29,1,7.1
TRK-189814,Rotterdam (NL),Port of Seattle (US),Maersk Line,11,1319,3046.96,0.42,0.68,1,3.0
TRK-897549,Yokohama (JP),Port of Long Beach (US),DHL Express,20,368,5117.65,0.09,0.41,0,0.0
TRK-791798,Shenzhen Port (CN),Port of Oakland (US),DHL Express,23,1181,3236.56,0.92,0.8,1,8.7
TRK-377932,Yokohama (JP),Port of Oakland (US),OceanNet Logistics,25,1764,4357.15,0.28,0.54,0,0.0
TRK-322086,Yokohama (JP),Port of Vancouver (CA),DHL Express,20,587,5110.4,0.52,0.64,1,5.7
TRK-847581,Hamburg Port (DE),Port of Seattle (US),FedEx Supply Chain,33,2394,7655.7,0.19,0.16,0,0.0
TRK-559381,Yokohama (JP),Port of Seattle (US),Maersk Line,33,1343,4569.49,0.82,0.68,1,10.1
TRK-359947,Ningbo-Zhoushan (CN),Port of Los Angeles (US),FedEx Supply Chain,30,2488,6172.47,0.44,0.41,1,7.3
TRK-122056,Yokohama (JP),Port of Oakland (US),DHL Express,9,1731,3869.72,0.2,0.11,0,0.0
TRK-717024,Ningbo-Zhoushan (CN),Port of Los Angeles (US),Maersk Line,27,2405,6432.37,0.9,0.57,1,8.2
TRK-842225,Rotterdam (NL),Port of Los Angeles (US),DHL Express,32,1668,7776.71,0.9,0.4,1,10.7
TRK-170674,Shanghai Port (CN),Port of New York (US),Maersk Line,14,1166,2343.75,0.14,0.07,0,0.0
TRK-639131,Ningbo-Zhoushan (CN),Port of New York (US),OceanNet Logistics,23,853,3788.7,0.34,0.81,1,4.9
TRK-324643,Yokohama (JP),Port of Long Beach (US),Global Freight Air,6,214,944.24,0.68,0.62,1,4.6
TRK-704201,Shenzhen Port (CN),Port of Long Beach (US),OceanNet Logistics,8,828,2160.02,0.21,0.73,0,0.0
TRK-946721,Shenzhen Port (CN),Port of Long Beach (US),Maersk Line,7,1222,2041.17,0.75,0.36,1,4.8
TRK-201639,Rotterdam (NL),Port of Seattle (US),FedEx Supply Chain,9,1648,2993.46,0.39,0.53,0,0.0
TRK-544154,Shenzhen Port (CN),Port of Seattle (US),Maersk Line,24,2003,5265.05,0.14,0.1,0,0.0
TRK-806073,Rotterdam (NL),Port of Vancouver (CA),Maersk Line,33,175,9114.66,0.66,0.48,1,8.7
TRK-163556,Shenzhen Port (CN),Port of Vancouver (CA),FedEx Supply Chain,20,984,4659.54,0.55,0.24,0,0.0
TRK-939482,Singapore (SG),Port of Los Angeles (US),DHL Express,25,1267,4632.0,0.49,0.1,0,0.0
TRK-300896,Ningbo-Zhoushan (CN),Port of Oakland (US),OceanNet Logistics,30,1256,7413.83,0.69,0.92,1,10.1
TRK-246991,Shenzhen Port (CN),Port of Long Beach (US),FedEx Supply Chain,30,1642,5743.53,0.41,0.85,1,7.1
TRK-585100,Ningbo-Zhoushan (CN),Port of Los Angeles (US),OceanNet Logistics,33,1545,7770.54,0.38,0.78,1,9.9
TRK-947272,Singapore (SG),Port of Oakland (US),Maersk Line,29,1424,6601.01,0.13,0.75,0,0.0
TRK-153045,Rotterdam (NL),Port of Oakland (US),Maersk Line,26,2314,8401.5,0.15,0.49,0,0.0
TRK-197793,Singapore (SG),Port of Long Beach (US),DHL Express,17,853,2786.17,0.16,0.16,0,0.0
TRK-526156,Shenzhen Port (CN),Port of Seattle (US),DHL Express,13,2058,4746.5,0.92,0.39,1,4.3
TRK-520521,Shanghai Port (CN),Port of Long Beach (US),OceanNet Logistics,28,1028,8150.6,0.06,0.92,1,5.2
TRK-102260,Shenzhen Port (CN),Port of New York (US),OceanNet Logistics,25,179,7106.34,0.12,0.55,0,0.0
TRK-399105,Shenzhen Port (CN),Port of Vancouver (CA),Global Freight Air,24,2194,7412.03,0.46,0.61,1,6.6
TRK-794022,Rotterdam (NL),Port of Seattle (US),DHL Express,20,570,3466.19,0.91,0.85,1,7.2
TRK-299122,Hamburg Port (DE),Port of Long Beach (US),Maersk Line,32,472,5045.56,0.47,0.37,1,7.6
TRK-707314,Rotterdam (NL),Port of Oakland (US),Maersk Line,32,968,10027.45,0.68,0.53,1,8.2
TRK-884309,Hamburg Port (DE),Port of Los Angeles (US),Maersk Line,24,1024,3558.17,0.9,0.42,1,7.6
TRK-712554,Shenzhen Port (CN),Port of Oakland (US),Global Freight Air,29,109,7622.37,0.09,0.07,0,0.0
TRK-265080,Shanghai Port (CN),Port of Oakland (US),Maersk Line,5,473,1872.29,0.19,0.58,0,0.0
TRK-992697,Ningbo-Zhoushan (CN),Port of Los Angeles (US),Global Freight Air,29,788,6479.31,0.42,0.3,0,0.0
TRK-171262,Rotterdam (NL),Port of Long Beach (US),OceanNet Logistics,20,617,4669.61,0.72,0.87,1,7.1
TRK-225710,Yokohama (JP),Port of Long Beach (US),Global Freight Air,25,813,4848.87,0.46,0.17,0,0.0
TRK-723398,Shanghai Port (CN),Port of Oakland (US),Maersk Line,23,784,4248.88,0.65,0.61,1,6.4
TRK-539589,Rotterdam (NL),Port of Oakland (US),Global Freight Air,12,1674,3925.49,0.75,0.52,1,5.6
TRK-648177,Hamburg Port (DE),Port of New York (US),DHL Express,26,335,7029.15,0.41,0.17,0,0.0
TRK-802258,Rotterdam (NL),Port of New York (US),DHL Express,19,1352,5555.13,0.24,0.17,0,0.0
TRK-378517,Shenzhen Port (CN),Port of Long Beach (US),FedEx Supply Chain,32,1429,7006.38,0.44,0.86,1,8.4
TRK-579434,Hamburg Port (DE),Port of Los Angeles (US),Maersk Line,10,1458,3109.09,0.83,0.9,1,3.7
TRK-580547,Yokohama (JP),Port of Oakland (US),Maersk Line,28,1453,5081.36,0.09,0.61,0,0.0
TRK-176819,Yokohama (JP),Port of Long Beach (US),Global Freight Air,6,304,1412.86,0.36,0.53,0,0.0
TRK-378082,Ningbo-Zhoushan (CN),Port of New York (US),Maersk Line,27,2242,7667.02,0.21,0.68,0,0.0
TRK-356150,Hamburg Port (DE),Port of New York (US),DHL Express,29,1987,7968.89,0.21,0.22,0,0.0
TRK-559469,Singapore (SG),Port of Oakland (US),FedEx Supply Chain,23,1128,4691.03,0.08,0.54,0,0.0
TRK-741390,Singapore (SG),Port of Vancouver (CA),Global Freight Air,9,2380,3767.57,0.17,0.35,0,0.0
TRK-108203,Rotterdam (NL),Port of Oakland (US),FedEx Supply Chain,31,2396,8825.6,0.51,0.19,0,0.0
TRK-795613,Shanghai Port (CN),Port of Long Beach (US),FedEx Supply Chain,20,436,5203.53,0.72,0.22,1,4.6
TRK-221035,Shanghai Port (CN),Port of Vancouver (CA),Global Freight Air,28,825,7155.91,0.53,0.7,1,6.4
TRK-262998,Hamburg Port (DE),Port of New York (US),Global Freight Air,31,1435,7668.56,0.81,0.72,1,8.3
TRK-320861,Rotterdam (NL),Port of New York (US),DHL Express,22,2006,4551.31,0.39,0.07,0,0.0
TRK-820892,Rotterdam (NL),Port of New York (US),Global Freight Air,29,1396,5629.01,0.16,0.85,1,7.3
TRK-612262,Hamburg Port (DE),Port of Los Angeles (US),Maersk Line,8,166,1717.68,0.58,0.71,1,4.0
TRK-765095,Shenzhen Port (CN),Port of New York (US),Maersk Line,12,1641,4419.26,0.27,0.5,0,0.0
TRK-103717,Hamburg Port (DE),Port of Long Beach (US),FedEx Supply Chain,10,1412,1923.64,0.38,0.49,0,0.0
TRK-269430,Rotterdam (NL),Port of Seattle (US),Global Freight Air,34,2497,9993.92,0.12,0.52,0,0.0
TRK-839945,Shenzhen Port (CN),Port of Oakland (US),Maersk Line,12,328,2043.22,0.41,0.92,1,5.6
TRK-217308,Shanghai Port (CN),Port of Vancouver (CA),DHL Express,10,217,1580.84,0.65,0.89,1,4.6
TRK-672092,Shanghai Port (CN),Port of New York (US),Global Freight Air,12,1558,3464.43,0.92,0.69,1,4.2
TRK-679364,Ningbo-Zhoushan (CN),Port of Seattle (US),DHL Express,24,212,5755.47,0.74,0.13,1,6.1
TRK-143860,Hamburg Port (DE),Port of New York (US),Maersk Line,8,2126,3163.58,0.46,0.54,0,0.0
TRK-475190,Ningbo-Zhoushan (CN),Port of Vancouver (CA),DHL Express,14,2319,4237.61,0.13,0.17,0,0.0
TRK-799330,Shanghai Port (CN),Port of New York (US),Global Freight Air,13,2094,4285.46,0.76,0.15,0,0.0
TRK-526117,Yokohama (JP),Port of Vancouver (CA),DHL Express,9,2465,4031.4,0.89,0.94,1,3.7
TRK-348237,Singapore (SG),Port of Long Beach (US),DHL Express,7,1670,3535.5,0.09,0.75,0,0.0
TRK-532322,Shanghai Port (CN),Port of Long Beach (US),FedEx Supply Chain,15,972,4654.9,0.79,0.22,1,4.0
TRK-920391,Shenzhen Port (CN),Port of Vancouver (CA),DHL Express,18,231,3981.46,0.66,0.46,1,6.1
TRK-379766,Ningbo-Zhoushan (CN),Port of Vancouver (CA),Maersk Line,23,1988,6518.95,0.26,0.86,1,5.8
TRK-501124,Singapore (SG),Port of Los Angeles (US),OceanNet Logistics,18,920,4980.06,0.16,0.9,0,0.0
TRK-333238,Ningbo-Zhoushan (CN),Port of Seattle (US),FedEx Supply Chain,11,1302,2304.86,0.76,0.61,1,4.6
TRK-420015,Singapore (SG),Port of Long Beach (US),DHL Express,11,1022,2608.1,0.33,0.27,0,0.0
TRK-124813,Rotterdam (NL),Port of Long Beach (US),OceanNet Logistics,27,2436,6388.52,0.74,0.84,1,8.2
TRK-444207,Hamburg Port (DE),Port of Los Angeles (US),FedEx Supply Chain,10,2032,3275.89,0.16,0.41,0,0.0
TRK-468203,Rotterdam (NL),Port of Oakland (US),OceanNet Logistics,33,2194,9436.42,0.06,0.59,0,0.0
TRK-812526,Singapore (SG),Port of Oakland (US),FedEx Supply Chain,8,893,1839.35,0.21,0.87,0,0.0
TRK-128941,Shanghai Port (CN),Port of New York (US),DHL Express,10,811,2189.8,0.6,0.87,1,3.3
TRK-708792,Hamburg Port (DE),Port of Los Angeles (US),Maersk Line,22,1084,5730.5,0.58,0.14,0,0.0
TRK-725550,Shenzhen Port (CN),Port of New York (US),FedEx Supply Chain,20,1447,3921.51,0.64,0.74,1,6.0
TRK-557592,Yokohama (JP),Port of Oakland (US),Maersk Line,13,1113,2136.84,0.81,0.87,1,4.2
TRK-503906,Yokohama (JP),Port of Long Beach (US),FedEx Supply Chain,9,1745,3031.11,0.35,0.33,0,0.0
TRK-146542,Rotterdam (NL),Port of Seattle (US),Maersk Line,23,1035,5012.31,0.72,0.24,1,7.0
TRK-645175,Singapore (SG),Port of Oakland (US),DHL Express,30,1036,5961.08,0.83,0.88,1,9.9
TRK-481913,Shenzhen Port (CN),Port of Los Angeles (US),FedEx Supply Chain,31,517,7212.21,0.08,0.87,1,6.4
TRK-753425,Hamburg Port (DE),Port of Vancouver (CA),Maersk Line,29,2090,4488.33,0.33,0.75,1,6.7
TRK-854717,Hamburg Port (DE),Port of Oakland (US),FedEx Supply Chain,30,2303,7113.9,0.93,0.46,1,9.2
TRK-799287,Shenzhen Port (CN),Port of New York (US),OceanNet Logistics,26,1186,6628.81,0.59,0.11,0,0.0
TRK-831076,Hamburg Port (DE),Port of Oakland (US),DHL Express,27,1051,5285.62,0.22,0.08,0,0.0
TRK-301158,Shenzhen Port (CN),Port of Vancouver (CA),OceanNet Logistics,34,2165,9110.51,0.52,0.53,1,8.5
TRK-810219,Rotterdam (NL),Port of Long Beach (US),Global Freight Air,34,1801,6399.96,0.35,0.12,0,0.0
TRK-696750,Hamburg Port (DE),Port of Seattle (US),Global Freight Air,7,899,2302.43,0.52,0.77,1,5.1
TRK-974224,Shanghai Port (CN),Port of New York (US),FedEx Supply Chain,22,932,4255.18,0.23,0.5,0,0.0
TRK-320392,Shenzhen Port (CN),Port of Oakland (US),Global Freight Air,12,1387,2384.67,0.7,0.82,1,5.9
TRK-786508,Hamburg Port (DE),Port of Seattle (US),OceanNet Logistics,8,1623,2658.22,0.31,0.86,1,2.2
TRK-563638,Rotterdam (NL),Port of Long Beach (US),Global Freight Air,11,2298,3962.14,0.84,0.63,1,5.3
TRK-596171,Singapore (SG),Port of Vancouver (CA),DHL Express,5,2039,2420.42,0.38,0.08,0,0.0
TRK-790855,Shanghai Port (CN),Port of New York (US),Global Freight Air,24,2408,7243.19,0.38,0.82,1,5.8
TRK-796101,Rotterdam (NL),Port of Oakland (US),FedEx Supply Chain,30,1487,8338.33,0.49,0.86,1,9.4
TRK-197923,Singapore (SG),Port of Long Beach (US),FedEx Supply Chain,21,620,5122.51,0.28,0.18,0,0.0
TRK-335552,Singapore (SG),Port of Long Beach (US),DHL Express,15,2151,4769.42,0.67,0.66,1,6.2
TRK-125611,Shanghai Port (CN),Port of Long Beach (US),OceanNet Logistics,25,2189,5842.37,0.55,0.64,1,8.0
TRK-740967,Singapore (SG),Port of Los Angeles (US),OceanNet Logistics,27,441,7295.68,0.84,0.59,1,8.6
TRK-534572,Rotterdam (NL),Port of Oakland (US),DHL Express,29,554,7809.04,0.41,0.74,1,7.4
TRK-853240,Rotterdam (NL),Port of Seattle (US),OceanNet Logistics,6,1945,2649.44,0.59,0.27,0,0.0
TRK-519066,Ningbo-Zhoushan (CN),Port of Long Beach (US),Maersk Line,25,1419,7606.16,0.7,0.6,1,8.7
TRK-887443,Singapore (SG),Port of Los Angeles (US),OceanNet Logistics,27,857,5653.98,0.29,0.54,0,0.0
TRK-329471,Ningbo-Zhoushan (CN),Port of Vancouver (CA),Global Freight Air,23,1862,7828.86,0.91,0.19,1,6.9
TRK-587115,Shanghai Port (CN),Port of Oakland (US),DHL Express,6,1624,1994.79,0.42,0.68,0,0.0
TRK-989545,Shanghai Port (CN),Port of Seattle (US),DHL Express,12,2189,3088.97,0.12,0.05,0,0.0
TRK-940346,Shenzhen Port (CN),Port of Vancouver (CA),Global Freight Air,23,201,4251.34,0.13,0.88,1,4.7
TRK-686075,Yokohama (JP),Port of New York (US),OceanNet Logistics,14,1620,3583.78,0.84,0.71,1,6.3
TRK-742412,Singapore (SG),Port of Vancouver (CA),Global Freight Air,27,1608,8368.05,0.27,0.49,0,0.0
TRK-547470,Singapore (SG),Port of Oakland (US),OceanNet Logistics,19,588,3074.21,0.69,0.88,1,5.6
TRK-266889,Rotterdam (NL),Port of Seattle (US),OceanNet Logistics,25,349,3673.07,0.71,0.22,1,5.3
TRK-371782,Singapore (SG),Port of Long Beach (US),FedEx Supply Chain,31,826,8246.12,0.1,0.46,0,0.0
TRK-903013,Singapore (SG),Port of Oakland (US),OceanNet Logistics,31,714,6881.1,0.26,0.16,0,0.0
TRK-757193,Ningbo-Zhoushan (CN),Port of New York (US),OceanNet Logistics,6,230,1255.92,0.7,0.11,0,0.0
TRK-181247,Rotterdam (NL),Port of New York (US),DHL Express,19,1472,5816.34,0.52,0.43,0,0.0
TRK-384913,Hamburg Port (DE),Port of New York (US),Global Freight Air,16,410,4737.7,0.05,0.22,0,0.0
TRK-184491,Ningbo-Zhoushan (CN),Port of Long Beach (US),DHL Express,22,1731,7899.04,0.37,0.74,1,5.7
TRK-501641,Rotterdam (NL),Port of Long Beach (US),DHL Express,25,847,7211.38,0.94,0.74,1,8.3
TRK-167348,Shenzhen Port (CN),Port of Seattle (US),FedEx Supply Chain,11,439,2157.61,0.15,0.37,0,0.0
TRK-668969,Shenzhen Port (CN),Port of Seattle (US),Maersk Line,34,2133,6484.5,0.09,0.07,0,0.0
TRK-316881,Singapore (SG),Port of Seattle (US),OceanNet Logistics,18,2098,4643.96,0.66,0.25,0,0.0
TRK-907189,Yokohama (JP),Port of Vancouver (CA),Maersk Line,30,1928,5951.44,0.43,0.84,1,9.6
TRK-998348,Singapore (SG),Port of Oakland (US),OceanNet Logistics,15,1185,3187.68,0.94,0.26,1,6.5
TRK-600149,Shanghai Port (CN),Port of New York (US),FedEx Supply Chain,26,984,4643.09,0.09,0.4,0,0.0
TRK-890075,Shenzhen Port (CN),Port of Seattle (US),Global Freight Air,13,2406,5715.56,0.62,0.24,0,0.0
TRK-883826,Rotterdam (NL),Port of Oakland (US),Global Freight Air,13,1143,3287.77,0.41,0.73,1,5.1
TRK-331251,Shenzhen Port (CN),Port of Long Beach (US),FedEx Supply Chain,28,102,4470.05,0.25,0.53,0,0.0
TRK-557007,Shenzhen Port (CN),Port of Los Angeles (US),OceanNet Logistics,13,679,2294.23,0.84,0.29,1,3.5
TRK-452457,Rotterdam (NL),Port of Vancouver (CA),OceanNet Logistics,13,1318,4879.3,0.78,0.64,1,5.1
TRK-859359,Ningbo-Zhoushan (CN),Port of Seattle (US),DHL Express,31,1083,4275.9,0.68,0.09,1,7.2
TRK-752483,Yokohama (JP),Port of Los Angeles (US),OceanNet Logistics,9,1811,2817.89,0.82,0.5,1,4.0
TRK-720644,Yokohama (JP),Port of Vancouver (CA),Maersk Line,33,2262,8134.09,0.66,0.56,1,8.3
TRK-188025,Rotterdam (NL),Port of Seattle (US),DHL Express,10,315,2570.9,0.82,0.83,1,5.3
TRK-584125,Ningbo-Zhoushan (CN),Port of Los Angeles (US),FedEx Supply Chain,15,1816,4912.05,0.73,0.19,0,0.0
TRK-497519,Hamburg Port (DE),Port of Long Beach (US),OceanNet Logistics,15,656,2577.53,0.79,0.17,1,4.2
TRK-442722,Hamburg Port (DE),Port of Seattle (US),FedEx Supply Chain,34,1674,9203.9,0.8,0.51,1,8.2
TRK-888539,Singapore (SG),Port of Seattle (US),FedEx Supply Chain,17,1790,5874.54,0.28,0.62,0,0.0
TRK-975467,Shanghai Port (CN),Port of Seattle (US),Maersk Line,28,774,4917.32,0.07,0.44,0,0.0
TRK-885408,Yokohama (JP),Port of Los Angeles (US),FedEx Supply Chain,6,1535,2921.02,0.14,0.89,0,0.0
TRK-335113,Rotterdam (NL),Port of Los Angeles (US),Maersk Line,8,1365,2742.62,0.74,0.69,1,3.9
TRK-890870,Shanghai Port (CN),Port of Long Beach (US),DHL Express,26,573,6849.95,0.94,0.66,1,8.5
TRK-979995,Shanghai Port (CN),Port of Oakland (US),DHL Express,31,1350,6722.53,0.11,0.79,1,6.6
TRK-350132,Ningbo-Zhoushan (CN),Port of Seattle (US),Maersk Line,23,669,3512.8,0.47,0.9,1,5.7
TRK-691364,Ningbo-Zhoushan (CN),Port of Seattle (US),FedEx Supply Chain,13,138,3381.51,0.32,0.81,1,5.2
TRK-904150,Hamburg Port (DE),Port of Long Beach (US),Global Freight Air,24,1662,8364.9,0.08,0.71,0,0.0
TRK-736745,Rotterdam (NL),Port of Vancouver (CA),Maersk Line,19,968,4317.88,0.3,0.94,1,5.4
TRK-915573,Singapore (SG),Port of Long Beach (US),FedEx Supply Chain,32,1033,5415.01,0.08,0.64,0,0.0
TRK-213349,Yokohama (JP),Port of Los Angeles (US),FedEx Supply Chain,16,1909,5176.22,0.92,0.22,1,6.3
TRK-703766,Rotterdam (NL),Port of Seattle (US),OceanNet Logistics,25,619,6987.22,0.73,0.61,1,6.4
TRK-849747,Ningbo-Zhoushan (CN),Port of Los Angeles (US),Global Freight Air,25,1659,7332.65,0.77,0.48,1,6.1
TRK-824161,Singapore (SG),Port of Vancouver (CA),DHL Express,21,1359,5055.6,0.25,0.19,0,0.0
TRK-206851,Rotterdam (NL),Port of New York (US),Global Freight Air,26,1113,6198.37,0.44,0.94,1,6.6
TRK-944657,Shanghai Port (CN),Port of Oakland (US),Maersk Line,25,373,4916.55,0.93,0.7,1,8.9
TRK-464069,Yokohama (JP),Port of Seattle (US),FedEx Supply Chain,29,2143,5787.24,0.48,0.14,0,0.0
TRK-172306,Yokohama (JP),Port of Vancouver (CA),FedEx Supply Chain,21,1795,4620.79,0.24,0.36,0,0.0
TRK-113266,Singapore (SG),Port of Seattle (US),OceanNet Logistics,12,2051,3925.74,0.53,0.84,1,3.4
TRK-210665,Shenzhen Port (CN),Port of New York (US),OceanNet Logistics,17,2263,4251.07,0.93,0.23,1,6.1
TRK-841666,Ningbo-Zhoushan (CN),Port of Seattle (US),DHL Express,19,205,2681.75,0.62,0.69,1,4.6
TRK-869440,Yokohama (JP),Port of Vancouver (CA),FedEx Supply Chain,10,2370,4145.73,0.83,0.69,1,5.4
TRK-745830,Singapore (SG),Port of Oakland (US),OceanNet Logistics,34,210,4730.88,0.86,0.54,1,11.1
TRK-587455,Shenzhen Port (CN),Port of Vancouver (CA),Global Freight Air,30,994,6982.96,0.71,0.12,1,5.8
TRK-381433,Hamburg Port (DE),Port of Long Beach (US),Maersk Line,27,1660,5976.81,0.93,0.35,1,7.0
TRK-392477,Shenzhen Port (CN),Port of Long Beach (US),OceanNet Logistics,27,2456,7543.1,0.55,0.7,1,6.8
TRK-697530,Yokohama (JP),Port of Vancouver (CA),OceanNet Logistics,28,1182,5279.7,0.66,0.11,0,0.0
TRK-452737,Shanghai Port (CN),Port of Seattle (US),FedEx Supply Chain,19,452,3283.44,0.91,0.42,1,7.3
TRK-290672,Shenzhen Port (CN),Port of Long Beach (US),FedEx Supply Chain,9,615,2768.9,0.5,0.54,0,0.0
TRK-936587,Hamburg Port (DE),Port of New York (US),FedEx Supply Chain,23,707,3439.89,0.41,0.6,1,6.3
TRK-725113,Rotterdam (NL),Port of New York (US),Global Freight Air,8,1897,3884.61,0.31,0.37,0,0.0
TRK-110644,Yokohama (JP),Port of Long Beach (US),Maersk Line,7,629,2195.73,0.17,0.69,0,0.0
TRK-353080,Rotterdam (NL),Port of Seattle (US),OceanNet Logistics,20,577,3402.88,0.92,0.21,1,7.1
TRK-682144,Singapore (SG),Port of Long Beach (US),OceanNet Logistics,17,652,4724.57,0.45,0.51,0,0.0
TRK-777278,Rotterdam (NL),Port of Seattle (US),OceanNet Logistics,29,229,6583.83,0.33,0.41,0,0.0
TRK-931450,Shanghai Port (CN),Port of Los Angeles (US),FedEx Supply Chain,7,1352,1848.62,0.59,0.41,0,0.0
TRK-332360,Shenzhen Port (CN),Port of Vancouver (CA),DHL Express,27,2434,4711.83,0.2,0.52,0,0.0
TRK-421080,Rotterdam (NL),Port of Oakland (US),FedEx Supply Chain,14,961,3060.05,0.58,0.9,1,4.5
TRK-596249,Yokohama (JP),Port of Oakland (US),FedEx Supply Chain,26,2103,6922.69,0.37,0.53,1,7.1
TRK-546173,Rotterdam (NL),Port of Oakland (US),FedEx Supply Chain,28,1679,8363.42,0.55,0.54,1,5.9
TRK-468900,Rotterdam (NL),Port of Seattle (US),FedEx Supply Chain,18,1068,5663.35,0.09,0.16,0,0.0
TRK-421517,Hamburg Port (DE),Port of Long Beach (US),Maersk Line,10,1182,2662.09,0.09,0.18,0,0.0
TRK-856321,Ningbo-Zhoushan (CN),Port of New York (US),Maersk Line,25,2389,5807.4,0.91,0.63,1,9.3
TRK-878967,Yokohama (JP),Port of Vancouver (CA),DHL Express,28,1018,4885.06,0.08,0.33,0,0.0
TRK-300845,Ningbo-Zhoushan (CN),Port of Vancouver (CA),OceanNet Logistics,20,2069,5468.99,0.92,0.13,1,6.4
TRK-389930,Rotterdam (NL),Port of Oakland (US),Global Freight Air,10,616,2326.24,0.65,0.93,1,4.1
TRK-725780,Hamburg Port (DE),Port of Los Angeles (US),DHL Express,34,2261,9689.64,0.83,0.74,1,9.5
TRK-410636,Ningbo-Zhoushan (CN),Port of New York (US),DHL Express,29,913,7291.89,0.9,0.79,1,10.2
TRK-416950,Shanghai Port (CN),Port of Vancouver (CA),Global Freight Air,13,1109,3136.27,0.83,0.94,1,6.3
TRK-232731,Hamburg Port (DE),Port of Los Angeles (US),Maersk Line,25,588,5810.0,0.74,0.88,1,8.1
TRK-680238,Hamburg Port (DE),Port of Vancouver (CA),DHL Express,6,1100,2160.61,0.39,0.32,0,0.0
TRK-768854,Singapore (SG),Port of Seattle (US),Maersk Line,11,1724,3397.99,0.6,0.56,1,3.9
TRK-112861,Yokohama (JP),Port of New York (US),OceanNet Logistics,33,1596,8144.62,0.45,0.06,0,0.0
TRK-601968,Shenzhen Port (CN),Port of New York (US),DHL Express,15,1061,3443.91,0.83,0.52,1,5.3
TRK-153872,Hamburg Port (DE),Port of Seattle (US),Maersk Line,25,1277,4047.35,0.52,0.27,0,0.0
TRK-962050,Shanghai Port (CN),Port of Seattle (US),OceanNet Logistics,8,142,2139.3,0.7,0.91,1,2.7
TRK-177680,Yokohama (JP),Port of Vancouver (CA),Maersk Line,27,1114,4775.42,0.91,0.64,1,8.4
TRK-259097,Ningbo-Zhoushan (CN),Port of Oakland (US),FedEx Supply Chain,8,888,1835.27,0.2,0.61,0,0.0
TRK-189318,Ningbo-Zhoushan (CN),Port of Los Angeles (US),Global Freight Air,25,1792,6971.72,0.33,0.6,1,6.8
TRK-901577,Shenzhen Port (CN),Port of Oakland (US),Global Freight Air,21,2237,3946.94,0.66,0.21,0,0.0
TRK-929151,Yokohama (JP),Port of Long Beach (US),Global Freight Air,17,2306,4460.51,0.56,0.28,0,0.0
TRK-498855,Shenzhen Port (CN),Port of Seattle (US),FedEx Supply Chain,8,1207,2847.88,0.55,0.09,0,0.0
TRK-717113,Shenzhen Port (CN),Port of New York (US),Global Freight Air,14,2288,5394.65,0.85,0.26,1,3.9
TRK-751194,Shanghai Port (CN),Port of Oakland (US),Maersk Line,14,1083,4254.93,0.86,0.37,1,4.2
TRK-899787,Ningbo-Zhoushan (CN),Port of Vancouver (CA),DHL Express,9,1703,3134.91,0.43,0.65,0,0.0
TRK-377501,Rotterdam (NL),Port of Los Angeles (US),DHL Express,22,1014,5084.69,0.58,0.2,0,0.0
TRK-351516,Ningbo-Zhoushan (CN),Port of Oakland (US),Maersk Line,7,1349,2382.89,0.21,0.33,0,0.0
TRK-264136,Shanghai Port (CN),Port of Seattle (US),OceanNet Logistics,7,1087,2039.18,0.28,0.62,0,0.0
TRK-822858,Yokohama (JP),Port of Seattle (US),FedEx Supply Chain,29,1020,5325.24,0.68,0.41,1,7.5
TRK-134225,Ningbo-Zhoushan (CN),Port of New York (US),FedEx Supply Chain,11,1098,3391.22,0.59,0.35,0,0.0
TRK-837135,Singapore (SG),Port of Seattle (US),Maersk Line,11,1105,3010.03,0.59,0.41,0,0.0
TRK-820775,Ningbo-Zhoushan (CN),Port of New York (US),Global Freight Air,5,2014,2254.56,0.45,0.8,1,3.8
TRK-793300,Singapore (SG),Port of Long Beach (US),OceanNet Logistics,16,259,4370.62,0.64,0.53,1,4.6
TRK-220351,Yokohama (JP),Port of Long Beach (US),DHL Express,7,441,2344.17,0.65,0.55,1,4.3
TRK-378535,Singapore (SG),Port of Long Beach (US),Maersk Line,34,215,7204.93,0.91,0.21,1,9.7
TRK-162535,Ningbo-Zhoushan (CN),Port of New York (US),Global Freight Air,29,410,4239.78,0.46,0.73,1,7.3
TRK-885339,Singapore (SG),Port of Oakland (US),FedEx Supply Chain,16,1779,3318.0,0.93,0.07,1,5.7
TRK-560485,Shanghai Port (CN),Port of Seattle (US),FedEx Supply Chain,28,463,6591.5,0.13,0.28,0,0.0
TRK-833723,Shenzhen Port (CN),Port of New York (US),Global Freight Air,12,1866,4607.62,0.51,0.19,0,0.0
TRK-666211,Shenzhen Port (CN),Port of Seattle (US),Maersk Line,33,580,6034.32,0.39,0.36,0,0.0
TRK-727086,Shanghai Port (CN),Port of Seattle (US),FedEx Supply Chain,29,1966,6810.71,0.9,0.84,1,8.8
TRK-733039,Hamburg Port (DE),Port of Los Angeles (US),Maersk Line,26,2290,9392.87,0.24,0.89,1,5.6
TRK-340044,Rotterdam (NL),Port of Oakland (US),Global Freight Air,22,1552,6679.66,0.83,0.78,1,8.4
TRK-121753,Singapore (SG),Port of Vancouver (CA),FedEx Supply Chain,24,172,3063.61,0.19,0.25,0,0.0
TRK-704238,Shanghai Port (CN),Port of Long Beach (US),OceanNet Logistics,18,1911,6364.34,0.57,0.48,1,4.7
TRK-644173,Rotterdam (NL),Port of Seattle (US),FedEx Supply Chain,18,1233,5908.91,0.34,0.91,1,6.5
TRK-290305,Yokohama (JP),Port of Seattle (US),OceanNet Logistics,17,1063,5061.92,0.54,0.92,1,5.6
TRK-195674,Shenzhen Port (CN),Port of New York (US),OceanNet Logistics,17,642,3704.67,0.15,0.63,0,0.0
TRK-449499,Hamburg Port (DE),Port of Vancouver (CA),Maersk Line,33,142,7512.14,0.19,0.11,0,0.0
TRK-999398,Ningbo-Zhoushan (CN),Port of New York (US),OceanNet Logistics,23,2053,4384.06,0.95,0.1,1,7.1
TRK-827369,Shenzhen Port (CN),Port of New York (US),OceanNet Logistics,13,1082,2372.23,0.16,0.32,0,0.0
TRK-953085,Singapore (SG),Port of Oakland (US),Maersk Line,23,2410,5176.44,0.51,0.95,1,8.1
TRK-576919,Shanghai Port (CN),Port of New York (US),FedEx Supply Chain,11,1503,3231.09,0.52,0.43,0,0.0
TRK-438977,Shanghai Port (CN),Port of Seattle (US),Global Freight Air,9,1697,3068.82,0.52,0.48,0,0.0
TRK-964998,Shanghai Port (CN),Port of Vancouver (CA),Global Freight Air,11,1864,4167.77,0.27,0.17,0,0.0
TRK-584417,Shenzhen Port (CN),Port of Los Angeles (US),DHL Express,25,2393,7723.56,0.66,0.22,1,6.6
TRK-643623,Hamburg Port (DE),Port of Oakland (US),OceanNet Logistics,17,2360,6212.2,0.23,0.11,0,0.0
TRK-755788,Shenzhen Port (CN),Port of Los Angeles (US),DHL Express,8,564,1861.18,0.46,0.81,1,2.6
TRK-380028,Yokohama (JP),Port of Long Beach (US),FedEx Supply Chain,30,1831,6730.48,0.64,0.78,1,9.2
TRK-559398,Rotterdam (NL),Port of Seattle (US),Maersk Line,33,2168,7174.44,0.14,0.64,0,0.0
TRK-130271,Rotterdam (NL),Port of Oakland (US),DHL Express,13,2276,4036.91,0.3,0.89,1,3.8
TRK-844261,Ningbo-Zhoushan (CN),Port of New York (US),Global Freight Air,12,888,3309.35,0.4,0.46,0,0.0
TRK-114338,Yokohama (JP),Port of Seattle (US),Maersk Line,21,178,4228.98,0.84,0.15,1,7.3
TRK-335615,Singapore (SG),Port of Los Angeles (US),OceanNet Logistics,27,2248,4068.4,0.72,0.64,1,8.9
TRK-223172,Rotterdam (NL),Port of Long Beach (US),OceanNet Logistics,7,1768,2570.32,0.47,0.94,1,5.1
TRK-851413,Hamburg Port (DE),Port of Oakland (US),FedEx Supply Chain,23,1514,5571.72,0.42,0.54,1,6.9
TRK-535673,Singapore (SG),Port of Seattle (US),OceanNet Logistics,12,1443,2541.02,0.51,0.86,1,5.5
TRK-355570,Shenzhen Port (CN),Port of Oakland (US),DHL Express,12,1020,3922.05,0.06,0.28,0,0.0
TRK-502219,Ningbo-Zhoushan (CN),Port of Oakland (US),Global Freight Air,8,1713,2729.53,0.48,0.86,1,3.3
TRK-882544,Ningbo-Zhoushan (CN),Port of Los Angeles (US),FedEx Supply Chain,8,751,1632.03,0.49,0.88,1,3.9
TRK-910208,Singapore (SG),Port of Seattle (US),FedEx Supply Chain,32,1349,6073.34,0.89,0.25,1,8.3
TRK-925981,Yokohama (JP),Port of New York (US),Maersk Line,31,945,7390.91,0.9,0.27,1,7.5
TRK-396578,Rotterdam (NL),Port of New York (US),Global Freight Air,23,785,6617.82,0.65,0.34,1,7.3
TRK-708093,Rotterdam (NL),Port of Seattle (US),DHL Express,16,1356,4588.14,0.25,0.93,1,5.7
TRK-568238,Yokohama (JP),Port of Seattle (US),FedEx Supply Chain,18,746,2629.6,0.34,0.73,1,4.5
TRK-448588,Yokohama (JP),Port of Oakland (US),OceanNet Logistics,32,869,7883.02,0.79,0.24,1,8.3
TRK-577463,Hamburg Port (DE),Port of Long Beach (US),DHL Express,28,1167,6893.39,0.58,0.51,1,6.8
TRK-699573,Shenzhen Port (CN),Port of Long Beach (US),OceanNet Logistics,23,122,6084.17,0.62,0.74,1,6.0
TRK-145767,Hamburg Port (DE),Port of Vancouver (CA),OceanNet Logistics,14,2276,5827.18,0.3,0.22,0,0.0
TRK-839485,Singapore (SG),Port of Seattle (US),OceanNet Logistics,14,1528,4505.93,0.22,0.37,0,0.0
TRK-795928,Singapore (SG),Port of Vancouver (CA),DHL Express,17,1516,3231.42,0.73,0.08,0,0.0
TRK-619389,Shanghai Port (CN),Port of Long Beach (US),Global Freight Air,21,2097,6666.75,0.38,0.34,0,0.0
TRK-718849,Hamburg Port (DE),Port of Los Angeles (US),OceanNet Logistics,23,1114,5383.78,0.16,0.4,0,0.0
TRK-204555,Yokohama (JP),Port of Seattle (US),Maersk Line,8,1143,2371.17,0.17,0.65,0,0.0
TRK-857537,Ningbo-Zhoushan (CN),Port of Seattle (US),DHL Express,26,2123,4131.44,0.2,0.21,0,0.0
TRK-178463,Shenzhen Port (CN),Port of New York (US),FedEx Supply Chain,17,2420,5305.52,0.63,0.11,0,0.0
TRK-753534,Rotterdam (NL),Port of Seattle (US),Maersk Line,20,1178,3650.14,0.49,0.59,1,6.0
TRK-993140,Hamburg Port (DE),Port of Vancouver (CA),Global Freight Air,32,159,7187.24,0.18,0.68,0,0.0
TRK-498468,Hamburg Port (DE),Port of Vancouver (CA),OceanNet Logistics,16,641,3215.42,0.79,0.52,1,5.1
TRK-667296,Shanghai Port (CN),Port of Oakland (US),Maersk Line,34,282,5630.61,0.38,0.11,0,0.0
TRK-346174,Rotterdam (NL),Port of Vancouver (CA),FedEx Supply Chain,32,1426,10326.5,0.63,0.43,1,8.6
TRK-338536,Rotterdam (NL),Port of Los Angeles (US),OceanNet Logistics,20,1170,4135.73,0.81,0.4,1,6.3
TRK-203225,Singapore (SG),Port of Vancouver (CA),Maersk Line,20,936,3957.19,0.35,0.07,0,0.0
TRK-565230,Ningbo-Zhoushan (CN),Port of Vancouver (CA),FedEx Supply Chain,21,1985,5502.14,0.52,0.32,0,0.0
TRK-130353,Shanghai Port (CN),Port of New York (US),Maersk Line,25,1549,5544.25,0.39,0.47,0,0.0
TRK-407618,Hamburg Port (DE),Port of New York (US),OceanNet Logistics,24,2196,7936.31,0.69,0.62,1,5.8
TRK-252640,Ningbo-Zhoushan (CN),Port of Oakland (US),OceanNet Logistics,11,1109,3928.51,0.06,0.1,0,0.0
TRK-693418,Rotterdam (NL),Port of Long Beach (US),DHL Express,18,1951,4039.85,0.88,0.47,1,4.6
TRK-283573,Shanghai Port (CN),Port of Oakland (US),OceanNet Logistics,28,975,3807.62,0.3,0.3,0,0.0
TRK-749813,Rotterdam (NL),Port of Long Beach (US),OceanNet Logistics,18,731,4088.8,0.44,0.81,1,4.9
TRK-711484,Ningbo-Zhoushan (CN),Port of Long Beach (US),OceanNet Logistics,13,1936,3709.72,0.61,0.56,1,4.1
TRK-768891,Hamburg Port (DE),Port of Seattle (US),FedEx Supply Chain,22,2110,7031.16,0.07,0.65,0,0.0
TRK-799233,Shanghai Port (CN),Port of Seattle (US),FedEx Supply Chain,24,1595,7724.94,0.1,0.43,0,0.0
TRK-810526,Yokohama (JP),Port of Long Beach (US),Maersk Line,18,1436,6014.68,0.18,0.7,0,0.0
TRK-563187,Hamburg Port (DE),Port of Oakland (US),FedEx Supply Chain,9,2452,4173.37,0.6,0.36,0,0.0
TRK-769975,Shenzhen Port (CN),Port of Vancouver (CA),FedEx Supply Chain,13,2308,2937.28,0.28,0.82,0,0.0
TRK-579027,Singapore (SG),Port of New York (US),DHL Express,27,2436,5556.03,0.82,0.7,1,7.3
TRK-503380,Singapore (SG),Port of Seattle (US),Maersk Line,26,276,3671.49,0.46,0.49,1,5.5
TRK-348728,Shenzhen Port (CN),Port of Oakland (US),FedEx Supply Chain,6,2169,3655.93,0.47,0.42,0,0.0
TRK-702733,Hamburg Port (DE),Port of Vancouver (CA),FedEx Supply Chain,33,687,6878.41,0.78,0.46,1,7.9
TRK-123005,Singapore (SG),Port of Vancouver (CA),OceanNet Logistics,21,1059,6056.96,0.54,0.73,1,7.1
TRK-387813,Shanghai Port (CN),Port of Oakland (US),Maersk Line,19,2360,4840.21,0.28,0.9,1,5.7
TRK-735863,Rotterdam (NL),Port of Seattle (US),FedEx Supply Chain,32,980,4444.14,0.47,0.87,1,9.1
TRK-913423,Singapore (SG),Port of Long Beach (US),Global Freight Air,24,2374,6233.41,0.79,0.39,1,7.7
TRK-940886,Hamburg Port (DE),Port of Long Beach (US),DHL Express,23,878,5075.31,0.31,0.76,1,6.3
TRK-751051,Hamburg Port (DE),Port of Vancouver (CA),DHL Express,25,1004,7289.04,0.53,0.19,0,0.0
TRK-758765,Shanghai Port (CN),Port of Vancouver (CA),Maersk Line,24,947,7367.5,0.3,0.94,1,5.6
TRK-423939,Singapore (SG),Port of Seattle (US),Maersk Line,5,1114,1788.66,0.64,0.19,0,0.0
TRK-707727,Hamburg Port (DE),Port of Vancouver (CA),DHL Express,8,1881,3112.03,0.72,0.34,1,5.1
TRK-194511,Hamburg Port (DE),Port of New York (US),OceanNet Logistics,17,2010,4748.79,0.34,0.95,1,6.8
TRK-284171,Ningbo-Zhoushan (CN),Port of Long Beach (US),Global Freight Air,31,346,7256.0,0.13,0.08,0,0.0
TRK-483629,Yokohama (JP),Port of Oakland (US),FedEx Supply Chain,24,1029,4797.76,0.93,0.35,1,6.6
TRK-970813,Ningbo-Zhoushan (CN),Port of New York (US),OceanNet Logistics,10,1557,2968.4,0.94,0.86,1,5.3
TRK-945664,Hamburg Port (DE),Port of Vancouver (CA),FedEx Supply Chain,13,1349,4777.2,0.52,0.27,0,0.0
TRK-943298,Shanghai Port (CN),Port of Seattle (US),Maersk Line,32,1341,5531.61,0.18,0.36,0,0.0
TRK-247594,Singapore (SG),Port of Long Beach (US),OceanNet Logistics,19,437,4679.61,0.61,0.37,1,6.4
TRK-986827,Singapore (SG),Port of Oakland (US),FedEx Supply Chain,15,1030,3862.25,0.15,0.33,0,0.0
TRK-194689,Singapore (SG),Port of Seattle (US),Maersk Line,28,255,4337.64,0.64,0.94,1,7.6
TRK-377304,Yokohama (JP),Port of Los Angeles (US),OceanNet Logistics,7,541,1580.68,0.24,0.08,0,0.0
TRK-486490,Rotterdam (NL),Port of Vancouver (CA),FedEx Supply Chain,25,1048,7665.51,0.83,0.74,1,9.0
TRK-712955,Shenzhen Port (CN),Port of Vancouver (CA),FedEx Supply Chain,17,2357,6464.32,0.05,0.2,0,0.0
TRK-213609,Rotterdam (NL),Port of Long Beach (US),OceanNet Logistics,6,241,1502.97,0.39,0.93,1,2.3
TRK-126240,Yokohama (JP),Port of Oakland (US),FedEx Supply Chain,24,2004,6302.24,0.88,0.3,1,8.0
TRK-739717,Ningbo-Zhoushan (CN),Port of Vancouver (CA),Maersk Line,23,1549,7265.54,0.93,0.61,1,7.8
TRK-766269,Singapore (SG),Port of Seattle (US),FedEx Supply Chain,32,1498,8224.21,0.45,0.25,0,0.0
TRK-780776,Shenzhen Port (CN),Port of Los Angeles (US),DHL Express,25,1952,4667.99,0.09,0.56,0,0.0
TRK-147549,Shanghai Port (CN),Port of New York (US),OceanNet Logistics,24,2236,5475.56,0.25,0.71,1,6.3
TRK-221761,Shanghai Port (CN),Port of Long Beach (US),Global Freight Air,31,167,8252.14,0.35,0.36,0,0.0
TRK-242254,Shenzhen Port (CN),Port of Seattle (US),FedEx Supply Chain,28,1378,4880.88,0.77,0.08,1,7.1
TRK-803055,Rotterdam (NL),Port of Vancouver (CA),Global Freight Air,18,1685,5396.46,0.28,0.25,0,0.0
TRK-539486,Yokohama (JP),Port of Vancouver (CA),DHL Express,16,2144,3609.38,0.83,0.11,1,6.2
TRK-535037,Rotterdam (NL),Port of Los Angeles (US),OceanNet Logistics,12,442,2339.77,0.44,0.75,1,4.7
TRK-745558,Shenzhen Port (CN),Port of New York (US),Maersk Line,30,919,7130.87,0.62,0.58,1,8.8
TRK-823811,Hamburg Port (DE),Port of Long Beach (US),OceanNet Logistics,8,1946,2527.11,0.4,0.49,0,0.0
TRK-566297,Ningbo-Zhoushan (CN),Port of New York (US),Maersk Line,26,1615,7480.81,0.72,0.51,1,7.8
TRK-818987,Hamburg Port (DE),Port of Oakland (US),FedEx Supply Chain,10,2361,2939.8,0.48,0.09,0,0.0
TRK-163491,Shenzhen Port (CN),Port of New York (US),DHL Express,12,1590,4120.97,0.35,0.48,0,0.0
TRK-228093,Singapore (SG),Port of Seattle (US),Maersk Line,12,241,2179.0,0.24,0.51,0,0.0
TRK-794963,Ningbo-Zhoushan (CN),Port of Vancouver (CA),Global Freight Air,10,2196,2115.5,0.08,0.15,0,0.0
TRK-122394,Shanghai Port (CN),Port of New York (US),DHL Express,30,1930,8299.87,0.51,0.31,1,8.2
TRK-232040,Singapore (SG),Port of Oakland (US),DHL Express,13,1467,3331.63,0.15,0.36,0,0.0
TRK-171942,Singapore (SG),Port of Oakland (US),DHL Express,11,282,2493.35,0.68,0.94,1,3.7
TRK-714867,Ningbo-Zhoushan (CN),Port of Long Beach (US),FedEx Supply Chain,18,100,4324.04,0.84,0.65,1,5.5
TRK-911984,Ningbo-Zhoushan (CN),Port of Oakland (US),Maersk Line,33,2052,11121.62,0.79,0.05,1,8.2
TRK-390743,Singapore (SG),Port of Long Beach (US),DHL Express,27,826,7243.63,0.28,0.65,1,7.4
TRK-666456,Hamburg Port (DE),Port of Long Beach (US),Maersk Line,8,693,1957.3,0.54,0.86,1,3.6
TRK-793169,Singapore (SG),Port of Los Angeles (US),DHL Express,23,2188,7724.82,0.66,0.38,1,6.5
TRK-115582,Hamburg Port (DE),Port of Long Beach (US),Global Freight Air,14,1009,4587.74,0.6,0.84,1,5.8
TRK-439498,Shanghai Port (CN),Port of Long Beach (US),FedEx Supply Chain,31,728,4855.7,0.53,0.18,0,0.0
TRK-154944,Ningbo-Zhoushan (CN),Port of Vancouver (CA),OceanNet Logistics,21,367,4347.58,0.57,0.09,0,0.0
TRK-651640,Shanghai Port (CN),Port of Vancouver (CA),Maersk Line,25,673,4898.09,0.71,0.64,1,8.6
TRK-599380,Shenzhen Port (CN),Port of New York (US),Global Freight Air,26,1230,6729.42,0.3,0.33,0,0.0
TRK-722503,Shanghai Port (CN),Port of Seattle (US),Global Freight Air,30,1153,8209.46,0.79,0.82,1,10.9
TRK-332311,Yokohama (JP),Port of Los Angeles (US),Global Freight Air,27,459,3795.86,0.38,0.07,0,0.0
TRK-416282,Shenzhen Port (CN),Port of Vancouver (CA),Maersk Line,32,2043,5932.03,0.44,0.18,0,0.0
TRK-163780,Shenzhen Port (CN),Port of Seattle (US),OceanNet Logistics,28,932,4591.22,0.07,0.63,0,0.0
TRK-819425,Shanghai Port (CN),Port of Seattle (US),OceanNet Logistics,32,1542,5091.62,0.42,0.33,0,0.0
TRK-177060,Shanghai Port (CN),Port of New York (US),Global Freight Air,10,675,2340.56,0.25,0.94,1,3.8
TRK-255539,Shanghai Port (CN),Port of Long Beach (US),FedEx Supply Chain,8,1748,2251.96,0.07,0.5,0,0.0
TRK-754644,Rotterdam (NL),Port of Oakland (US),Global Freight Air,15,656,2297.03,0.08,0.4,0,0.0
TRK-846746,Hamburg Port (DE),Port of Seattle (US),Global Freight Air,14,1941,3072.21,0.49,0.17,0,0.0
TRK-656329,Hamburg Port (DE),Port of Seattle (US),Global Freight Air,30,2272,6766.52,0.48,0.45,1,8.7
TRK-734836,Shenzhen Port (CN),Port of Los Angeles (US),Maersk Line,13,896,4028.65,0.4,0.4,0,0.0
TRK-994217,Rotterdam (NL),Port of Vancouver (CA),Global Freight Air,20,1401,3964.1,0.55,0.54,1,6.5
TRK-855855,Singapore (SG),Port of Long Beach (US),OceanNet Logistics,31,2490,6883.94,0.28,0.23,0,0.0
TRK-573489,Ningbo-Zhoushan (CN),Port of Seattle (US),FedEx Supply Chain,21,440,3681.18,0.92,0.55,1,6.5
TRK-967611,Shenzhen Port (CN),Port of Seattle (US),OceanNet Logistics,32,2082,6909.32,0.61,0.49,1,8.0
TRK-865054,Shanghai Port (CN),Port of New York (US),OceanNet Logistics,21,2251,6442.38,0.47,0.71,1,5.0
TRK-427704,Rotterdam (NL),Port of New York (US),FedEx Supply Chain,9,756,3085.56,0.17,0.58,0,0.0
TRK-260053,Rotterdam (NL),Port of Seattle (US),Maersk Line,6,366,1374.53,0.08,0.72,0,0.0
TRK-195656,Singapore (SG),Port of Los Angeles (US),Maersk Line,11,575,2693.42,0.47,0.08,0,0.0
TRK-552855,Shanghai Port (CN),Port of Vancouver (CA),FedEx Supply Chain,10,982,3446.71,0.49,0.83,1,4.4
TRK-951201,Ningbo-Zhoushan (CN),Port of Oakland (US),Maersk Line,30,1351,5280.01,0.74,0.4,1,8.1
TRK-714953,Yokohama (JP),Port of Oakland (US),FedEx Supply Chain,29,1814,7590.65,0.45,0.59,1,7.6
TRK-802559,Shanghai Port (CN),Port of Seattle (US),FedEx Supply Chain,11,464,3399.21,0.1,0.05,0,0.0
TRK-797660,Singapore (SG),Port of Seattle (US),Maersk Line,21,980,3850.53,0.33,0.28,0,0.0
TRK-401601,Yokohama (JP),Port of New York (US),FedEx Supply Chain,9,1136,2730.35,0.71,0.74,1,5.5
TRK-208633,Yokohama (JP),Port of Oakland (US),DHL Express,26,782,6156.61,0.62,0.63,1,8.4
TRK-262246,Rotterdam (NL),Port of Seattle (US),DHL Express,13,795,3808.22,0.94,0.23,1,6.2
TRK-988432,Shanghai Port (CN),Port of New York (US),Global Freight Air,12,641,3025.68,0.8,0.72,1,3.8
TRK-485415,Shanghai Port (CN),Port of New York (US),Global Freight Air,12,747,3436.81,0.74,0.81,1,5.3
TRK-337144,Singapore (SG),Port of Seattle (US),Global Freight Air,12,901,2514.2,0.42,0.11,0,0.0
TRK-904711,Singapore (SG),Port of Oakland (US),Global Freight Air,7,1009,2928.39,0.12,0.91,0,0.0
TRK-807764,Rotterdam (NL),Port of Oakland (US),Maersk Line,31,457,4345.54,0.5,0.77,1,9.2
TRK-738577,Rotterdam (NL),Port of Vancouver (CA),FedEx Supply Chain,32,2469,6690.96,0.32,0.26,0,0.0
TRK-130359,Ningbo-Zhoushan (CN),Port of New York (US),FedEx Supply Chain,11,1338,3548.62,0.87,0.34,1,4.3
TRK-456331,Hamburg Port (DE),Port of Los Angeles (US),DHL Express,5,1793,3198.59,0.37,0.63,0,0.0
TRK-250210,Yokohama (JP),Port of Vancouver (CA),OceanNet Logistics,26,2178,7596.05,0.45,0.58,1,7.1
TRK-172965,Ningbo-Zhoushan (CN),Port of Vancouver (CA),Maersk Line,24,759,4490.97,0.69,0.79,1,8.5
TRK-196214,Rotterdam (NL),Port of Oakland (US),DHL Express,26,1153,4572.38,0.75,0.29,1,6.9
TRK-494468,Shenzhen Port (CN),Port of Seattle (US),FedEx Supply Chain,18,949,5218.49,0.29,0.41,0,0.0
TRK-265055,Hamburg Port (DE),Port of New York (US),FedEx Supply Chain,29,1090,7581.45,0.69,0.58,1,9.4
TRK-914571,Yokohama (JP),Port of Oakland (US),Maersk Line,28,917,5520.91,0.9,0.12,1,8.7
TRK-155164,Ningbo-Zhoushan (CN),Port of Long Beach (US),Global Freight Air,29,1742,8273.16,0.33,0.76,1,8.5
TRK-152179,Rotterdam (NL),Port of Los Angeles (US),FedEx Supply Chain,17,1206,4410.33,0.92,0.13,1,5.8
TRK-564637,Rotterdam (NL),Port of Seattle (US),OceanNet Logistics,30,2048,7903.23,0.68,0.05,0,0.0
TRK-736565,Shenzhen Port (CN),Port of Seattle (US),FedEx Supply Chain,27,334,7708.27,0.73,0.91,1,9.4
TRK-326040,Singapore (SG),Port of Oakland (US),Maersk Line,34,1836,8975.9,0.63,0.09,1,7.0
TRK-461939,Shenzhen Port (CN),Port of Los Angeles (US),FedEx Supply Chain,20,1123,4607.05,0.24,0.38,0,0.0
TRK-811163,Rotterdam (NL),Port of Oakland (US),OceanNet Logistics,16,972,4176.32,0.42,0.79,1,6.2
TRK-652530,Rotterdam (NL),Port of New York (US),Maersk Line,20,748,4565.42,0.84,0.24,1,6.4
TRK-331230,Shenzhen Port (CN),Port of Oakland (US),Maersk Line,17,1872,3404.72,0.64,0.71,1,5.1
TRK-108060,Ningbo-Zhoushan (CN),Port of New York (US),DHL Express,16,1039,4395.57,0.23,0.85,1,4.2
TRK-904624,Ningbo-Zhoushan (CN),Port of New York (US),FedEx Supply Chain,7,1648,1467.84,0.51,0.29,0,0.0
TRK-444061,Shanghai Port (CN),Port of Los Angeles (US),OceanNet Logistics,25,657,6959.5,0.8,0.69,1,9.3
TRK-883301,Shenzhen Port (CN),Port of Long Beach (US),DHL Express,7,486,1742.81,0.59,0.06,0,0.0
TRK-498676,Yokohama (JP),Port of Vancouver (CA),DHL Express,15,839,2997.31,0.74,0.46,1,4.4
TRK-624563,Yokohama (JP),Port of Vancouver (CA),FedEx Supply Chain,21,2251,6243.95,0.57,0.12,0,0.0
TRK-175576,Shenzhen Port (CN),Port of Vancouver (CA),Maersk Line,19,1797,4363.45,0.35,0.36,0,0.0
TRK-557409,Shanghai Port (CN),Port of Seattle (US),Maersk Line,27,2159,5077.66,0.63,0.93,1,9.6
TRK-428267,Yokohama (JP),Port of Seattle (US),Global Freight Air,13,2307,5735.13,0.75,0.46,1,4.4
TRK-524068,Rotterdam (NL),Port of Vancouver (CA),OceanNet Logistics,8,715,1475.51,0.27,0.49,0,0.0
TRK-403578,Shanghai Port (CN),Port of Seattle (US),Maersk Line,19,1247,3328.9,0.91,0.9,1,8.0
TRK-440544,Ningbo-Zhoushan (CN),Port of Oakland (US),OceanNet Logistics,24,533,5495.01,0.75,0.23,1,7.1
TRK-972442,Rotterdam (NL),Port of New York (US),Maersk Line,11,125,2006.51,0.3,0.93,1,4.3
TRK-557925,Singapore (SG),Port of Los Angeles (US),DHL Express,8,1106,2231.5,0.78,0.9,1,3.7
TRK-556839,Yokohama (JP),Port of Seattle (US),Global Freight Air,26,1823,4761.11,0.67,0.67,1,9.0
TRK-182467,Shenzhen Port (CN),Port of New York (US),FedEx Supply Chain,24,1943,3961.88,0.42,0.32,0,0.0
TRK-332335,Hamburg Port (DE),Port of Long Beach (US),Maersk Line,6,2162,2899.24,0.92,0.61,1,5.0
TRK-635280,Rotterdam (NL),Port of Los Angeles (US),Global Freight Air,34,2357,6874.63,0.46,0.55,1,9.4
TRK-634723,Ningbo-Zhoushan (CN),Port of New York (US),FedEx Supply Chain,12,592,3235.92,0.93,0.76,1,6.2
TRK-862712,Singapore (SG),Port of Vancouver (CA),DHL Express,32,1705,7701.71,0.5,0.42,1,9.0
TRK-347745,Shanghai Port (CN),Port of Long Beach (US),FedEx Supply Chain,34,1455,7179.76,0.58,0.12,0,0.0
TRK-306854,Ningbo-Zhoushan (CN),Port of Oakland (US),DHL Express,26,2101,6394.48,0.76,0.87,1,9.9
TRK-897143,Singapore (SG),Port of Vancouver (CA),Maersk Line,15,1934,5587.12,0.73,0.2,0,0.0
TRK-285751,Singapore (SG),Port of Vancouver (CA),OceanNet Logistics,12,2119,3697.64,0.65,0.2,0,0.0
TRK-586490,Singapore (SG),Port of Oakland (US),Global Freight Air,28,1977,8162.19,0.8,0.76,1,8.6
TRK-570711,Rotterdam (NL),Port of Oakland (US),Global Freight Air,32,2318,8658.29,0.21,0.51,0,0.0
TRK-438908,Singapore (SG),Port of Vancouver (CA),FedEx Supply Chain,20,1726,4034.27,0.41,0.86,1,4.5
TRK-258290,Shenzhen Port (CN),Port of Los Angeles (US),OceanNet Logistics,8,1561,3117.22,0.94,0.09,1,4.5
TRK-563688,Rotterdam (NL),Port of New York (US),FedEx Supply Chain,21,1079,2992.34,0.1,0.45,0,0.0
TRK-720148,Shanghai Port (CN),Port of New York (US),Global Freight Air,30,373,5899.27,0.57,0.42,1,8.5
TRK-177794,Hamburg Port (DE),Port of Seattle (US),OceanNet Logistics,5,253,965.39,0.51,0.25,0,0.0
TRK-139434,Shanghai Port (CN),Port of New York (US),FedEx Supply Chain,13,2024,2499.72,0.83,0.3,1,6.0
TRK-180458,Rotterdam (NL),Port of Los Angeles (US),Global Freight Air,9,750,2284.47,0.34,0.81,1,2.7
TRK-722937,Yokohama (JP),Port of Seattle (US),OceanNet Logistics,11,2138,5347.75,0.43,0.75,1,4.1
TRK-708519,Yokohama (JP),Port of Vancouver (CA),Maersk Line,19,320,3336.53,0.58,0.08,0,0.0
TRK-571579,Singapore (SG),Port of Oakland (US),DHL Express,18,574,5050.59,0.51,0.42,0,0.0
TRK-437145,Yokohama (JP),Port of Seattle (US),Global Freight Air,28,139,6656.88,0.75,0.37,1,8.6
TRK-258189,Shanghai Port (CN),Port of Seattle (US),Maersk Line,6,378,1524.98,0.54,0.53,0,0.0
TRK-950360,Singapore (SG),Port of New York (US),Maersk Line,33,799,4844.83,0.93,0.25,1,8.6
TRK-629057,Rotterdam (NL),Port of Long Beach (US),Maersk Line,33,311,4113.61,0.71,0.92,1,9.7
TRK-359778,Rotterdam (NL),Port of Seattle (US),OceanNet Logistics,8,2088,3768.02,0.86,0.79,1,3.4
TRK-649525,Yokohama (JP),Port of Oakland (US),DHL Express,23,305,4112.6,0.95,0.42,1,6.4
TRK-481574,Hamburg Port (DE),Port of New York (US),OceanNet Logistics,26,312,3981.13,0.39,0.42,0,0.0
TRK-528625,Singapore (SG),Port of New York (US),Global Freight Air,14,2179,4319.73,0.58,0.91,1,3.9
TRK-154909,Singapore (SG),Port of Vancouver (CA),FedEx Supply Chain,29,1683,7689.83,0.73,0.14,1,7.1
TRK-169113,Hamburg Port (DE),Port of Los Angeles (US),Global Freight Air,29,1204,8687.71,0.68,0.69,1,8.4
TRK-811332,Shenzhen Port (CN),Port of New York (US),FedEx Supply Chain,5,1106,2189.5,0.83,0.3,1,4.2
TRK-858889,Singapore (SG),Port of Vancouver (CA),Global Freight Air,33,2220,7015.35,0.93,0.82,1,11.7
TRK-257677,Hamburg Port (DE),Port of Los Angeles (US),Global Freight Air,16,2003,5914.84,0.5,0.39,0,0.0
TRK-795847,Ningbo-Zhoushan (CN),Port of New York (US),FedEx Supply Chain,19,1667,6065.98,0.06,0.75,0,0.0
TRK-787923,Rotterdam (NL),Port of Vancouver (CA),OceanNet Logistics,7,177,2089.27,0.44,0.26,0,0.0
TRK-235215,Yokohama (JP),Port of Vancouver (CA),Maersk Line,31,1001,9286.37,0.1,0.5,0,0.0
TRK-424620,Yokohama (JP),Port of Seattle (US),FedEx Supply Chain,31,489,8666.4,0.69,0.91,1,9.0
TRK-952686,Ningbo-Zhoushan (CN),Port of Vancouver (CA),Global Freight Air,15,1581,5035.18,0.61,0.33,0,0.0
TRK-197992,Rotterdam (NL),Port of Vancouver (CA),OceanNet Logistics,26,982,4128.27,0.33,0.89,1,8.2
TRK-633188,Hamburg Port (DE),Port of Los Angeles (US),FedEx Supply Chain,27,694,4896.78,0.2,0.22,0,0.0
TRK-423869,Ningbo-Zhoushan (CN),Port of Long Beach (US),FedEx Supply Chain,16,2478,4043.98,0.89,0.44,1,6.7
TRK-903373,Shenzhen Port (CN),Port of Long Beach (US),DHL Express,9,2265,2690.45,0.13,0.35,0,0.0
TRK-244247,Ningbo-Zhoushan (CN),Port of Los Angeles (US),FedEx Supply Chain,26,2344,4721.05,0.39,0.93,1,8.3
TRK-985447,Singapore (SG),Port of Los Angeles (US),Global Freight Air,11,314,2194.13,0.73,0.14,0,0.0
TRK-908320,Yokohama (JP),Port of Vancouver (CA),Global Freight Air,33,1915,7222.5,0.93,0.11,1,8.7
TRK-139581,Rotterdam (NL),Port of New York (US),Global Freight Air,21,2469,5794.72,0.41,0.71,1,6.5
TRK-237414,Yokohama (JP),Port of Seattle (US),DHL Express,13,2068,3584.82,0.29,0.23,0,0.0
TRK-270128,Ningbo-Zhoushan (CN),Port of Vancouver (CA),Global Freight Air,29,1926,5786.66,0.64,0.92,1,9.4
TRK-948343,Ningbo-Zhoushan (CN),Port of Vancouver (CA),OceanNet Logistics,11,318,3096.84,0.32,0.13,0,0.0
TRK-145814,Shenzhen Port (CN),Port of New York (US),DHL Express,16,502,4003.09,0.29,0.06,0,0.0
TRK-565776,Yokohama (JP),Port of New York (US),OceanNet Logistics,7,1257,2211.0,0.69,0.6,1,3.1
TRK-345369,Yokohama (JP),Port of Long Beach (US),FedEx Supply Chain,8,1182,3035.22,0.9,0.15,1,2.7
TRK-947903,Singapore (SG),Port of Seattle (US),DHL Express,19,761,3169.46,0.75,0.61,1,5.8
TRK-485709,Rotterdam (NL),Port of Oakland (US),OceanNet Logistics,17,383,3412.93,0.89,0.54,1,7.3
TRK-584106,Singapore (SG),Port of New York (US),OceanNet Logistics,14,2193,4127.36,0.93,0.14,1,3.3
TRK-627335,Yokohama (JP),Port of Seattle (US),DHL Express,26,789,6499.96,0.87,0.44,1,7.0
TRK-956572,Ningbo-Zhoushan (CN),Port of Oakland (US),DHL Express,33,172,9334.9,0.26,0.54,0,0.0
TRK-362147,Shanghai Port (CN),Port of Vancouver (CA),OceanNet Logistics,13,2317,4106.34,0.64,0.79,1,3.6
TRK-489244,Yokohama (JP),Port of Los Angeles (US),Global Freight Air,24,1170,4572.22,0.06,0.12,0,0.0
TRK-992512,Shanghai Port (CN),Port of New York (US),Maersk Line,6,2443,2562.11,0.24,0.59,0,0.0
TRK-900185,Ningbo-Zhoushan (CN),Port of New York (US),OceanNet Logistics,20,437,3729.48,0.85,0.39,1,6.2
TRK-638289,Ningbo-Zhoushan (CN),Port of Seattle (US),Maersk Line,17,2093,4273.62,0.94,0.31,1,6.5
TRK-332823,Singapore (SG),Port of Seattle (US),FedEx Supply Chain,21,489,4134.68,0.83,0.87,1,8.5
TRK-127965,Shenzhen Port (CN),Port of Los Angeles (US),OceanNet Logistics,22,667,4753.58,0.84,0.62,1,8.2
TRK-626392,Hamburg Port (DE),Port of Long Beach (US),OceanNet Logistics,12,1742,3547.84,0.79,0.31,1,4.2
TRK-185569,Hamburg Port (DE),Port of Long Beach (US),Maersk Line,29,1328,6524.01,0.1,0.49,0,0.0
TRK-434165,Shanghai Port (CN),Port of Vancouver (CA),FedEx Supply Chain,8,922,1829.69,0.42,0.88,1,2.6
TRK-929822,Ningbo-Zhoushan (CN),Port of Long Beach (US),Maersk Line,33,744,9678.48,0.72,0.7,1,10.7
TRK-400814,Singapore (SG),Port of Seattle (US),DHL Express,23,902,3705.34,0.88,0.45,1,7.3
TRK-895702,Rotterdam (NL),Port of Seattle (US),OceanNet Logistics,29,376,4194.82,0.84,0.8,1,8.6
TRK-745239,Shanghai Port (CN),Port of Los Angeles (US),Maersk Line,27,1671,6274.97,0.29,0.26,0,0.0
TRK-368355,Ningbo-Zhoushan (CN),Port of Long Beach (US),Global Freight Air,21,1336,4261.67,0.8,0.36,1,6.3
TRK-862560,Yokohama (JP),Port of Oakland (US),OceanNet Logistics,9,186,2511.18,0.72,0.45,1,4.3
TRK-216587,Singapore (SG),Port of New York (US),DHL Express,33,1800,8924.76,0.4,0.49,1,7.4
TRK-415779,Shanghai Port (CN),Port of Los Angeles (US),DHL Express,27,696,7053.2,0.51,0.2,0,0.0
TRK-540218,Rotterdam (NL),Port of Oakland (US),OceanNet Logistics,5,820,1713.59,0.84,0.16,0,0.0
TRK-165858,Shanghai Port (CN),Port of Seattle (US),Global Freight Air,19,214,3957.15,0.6,0.27,0,0.0
TRK-662093,Shanghai Port (CN),Port of Vancouver (CA),Global Freight Air,27,246,6617.31,0.56,0.94,1,8.0
TRK-702980,Ningbo-Zhoushan (CN),Port of Vancouver (CA),DHL Express,5,118,1035.11,0.73,0.23,0,0.0
TRK-405420,Shenzhen Port (CN),Port of Los Angeles (US),Global Freight Air,6,1622,2520.28,0.07,0.9,0,0.0
TRK-469954,Ningbo-Zhoushan (CN),Port of Oakland (US),OceanNet Logistics,20,1556,6507.76,0.45,0.93,1,6.3
TRK-296412,Rotterdam (NL),Port of Vancouver (CA),Maersk Line,17,1448,5300.66,0.75,0.91,1,7.1
TRK-648913,Hamburg Port (DE),Port of Los Angeles (US),Global Freight Air,34,628,8410.93,0.42,0.85,1,8.4
TRK-670511,Yokohama (JP),Port of Oakland (US),Global Freight Air,30,1503,8744.81,0.68,0.73,1,8.8
TRK-121322,Shenzhen Port (CN),Port of Seattle (US),Maersk Line,26,2483,4750.55,0.31,0.53,0,0.0
TRK-766549,Shenzhen Port (CN),Port of New York (US),FedEx Supply Chain,33,438,6547.07,0.49,0.06,0,0.0
TRK-883618,Shanghai Port (CN),Port of New York (US),Maersk Line,18,641,2759.38,0.3,0.24,0,0.0
TRK-461551,Ningbo-Zhoushan (CN),Port of Vancouver (CA),Maersk Line,12,2332,5297.24,0.54,0.93,1,4.6
TRK-908977,Yokohama (JP),Port of Vancouver (CA),FedEx Supply Chain,17,2482,5770.19,0.09,0.45,0,0.0
TRK-239890,Shanghai Port (CN),Port of New York (US),Global Freight Air,7,1817,3234.44,0.69,0.39,1,3.1
TRK-454992,Singapore (SG),Port of Vancouver (CA),DHL Express,15,2243,2900.97,0.65,0.49,1,3.4
TRK-970720,Singapore (SG),Port of Vancouver (CA),OceanNet Logistics,32,1605,8227.5,0.11,0.74,0,0.0
TRK-829168,Shenzhen Port (CN),Port of Vancouver (CA),DHL Express,30,2461,9651.82,0.77,0.52,1,7.5
TRK-950916,Ningbo-Zhoushan (CN),Port of Los Angeles (US),OceanNet Logistics,9,1334,3268.67,0.2,0.23,0,0.0
TRK-138780,Hamburg Port (DE),Port of Long Beach (US),Maersk Line,32,2025,10439.15,0.73,0.59,1,9.6
TRK-929538,Ningbo-Zhoushan (CN),Port of Los Angeles (US),FedEx Supply Chain,8,589,2240.58,0.19,0.48,0,0.0
TRK-425138,Yokohama (JP),Port of Seattle (US),Global Freight Air,17,2414,3814.98,0.33,0.27,0,0.0
TRK-596395,Hamburg Port (DE),Port of Los Angeles (US),DHL Express,31,1729,9171.78,0.72,0.55,1,9.0
TRK-400009,Hamburg Port (DE),Port of Los Angeles (US),FedEx Supply Chain,22,470,5445.93,0.77,0.29,1,6.8
TRK-386488,Shanghai Port (CN),Port of New York (US),OceanNet Logistics,19,294,4550.36,0.34,0.29,0,0.0
TRK-519453,Rotterdam (NL),Port of Seattle (US),OceanNet Logistics,32,1022,6028.41,0.65,0.78,1,10.3
TRK-455505,Ningbo-Zhoushan (CN),Port of Seattle (US),OceanNet Logistics,27,937,7516.76,0.72,0.19,1,5.9
TRK-485191,Singapore (SG),Port of Oakland (US),FedEx Supply Chain,9,1193,3128.25,0.79,0.62,1,5.2
TRK-940064,Shanghai Port (CN),Port of Vancouver (CA),OceanNet Logistics,20,1340,6720.03,0.34,0.86,1,7.3
TRK-182760,Shenzhen Port (CN),Port of Oakland (US),DHL Express,10,2037,3742.62,0.57,0.11,0,0.0
TRK-671971,Hamburg Port (DE),Port of New York (US),Maersk Line,20,2174,6051.76,0.72,0.78,1,7.8
TRK-183958,Hamburg Port (DE),Port of Vancouver (CA),FedEx Supply Chain,17,1798,4292.06,0.34,0.92,1,6.5
TRK-421384,Shenzhen Port (CN),Port of Oakland (US),OceanNet Logistics,25,598,3434.95,0.12,0.33,0,0.0
TRK-274739,Rotterdam (NL),Port of Seattle (US),FedEx Supply Chain,26,265,7003.64,0.69,0.33,1,5.7
TRK-568849,Shanghai Port (CN),Port of Vancouver (CA),FedEx Supply Chain,15,614,4392.48,0.58,0.57,1,6.4
TRK-744718,Shenzhen Port (CN),Port of New York (US),Maersk Line,23,2221,5737.47,0.56,0.83,1,6.7
TRK-178686,Rotterdam (NL),Port of Vancouver (CA),OceanNet Logistics,6,1438,2145.93,0.49,0.82,1,3.4
TRK-480959,Yokohama (JP),Port of Vancouver (CA),DHL Express,10,2044,4208.4,0.8,0.38,1,5.2
TRK-132653,Ningbo-Zhoushan (CN),Port of Oakland (US),OceanNet Logistics,28,1198,6091.58,0.67,0.68,1,8.7
TRK-136489,Ningbo-Zhoushan (CN),Port of Los Angeles (US),DHL Express,14,1017,3509.68,0.59,0.21,0,0.0
TRK-916332,Rotterdam (NL),Port of New York (US),FedEx Supply Chain,16,505,3974.09,0.8,0.2,1,3.5
TRK-501451,Yokohama (JP),Port of Los Angeles (US),Global Freight Air,20,474,4047.15,0.46,0.67,1,7.0
TRK-260891,Rotterdam (NL),Port of Seattle (US),FedEx Supply Chain,32,189,4746.31,0.57,0.3,1,8.8
TRK-490084,Shenzhen Port (CN),Port of Los Angeles (US),Global Freight Air,30,1710,6694.21,0.1,0.08,0,0.0
TRK-244383,Yokohama (JP),Port of New York (US),OceanNet Logistics,12,1025,3771.21,0.27,0.67,0,0.0
TRK-429657,Rotterdam (NL),Port of New York (US),DHL Express,15,1075,5076.71,0.23,0.71,0,0.0
TRK-218959,Shanghai Port (CN),Port of Vancouver (CA),DHL Express,28,1634,4861.36,0.24,0.67,1,6.9
TRK-623285,Yokohama (JP),Port of Seattle (US),Global Freight Air,29,1330,5172.68,0.35,0.11,0,0.0
TRK-223481,Hamburg Port (DE),Port of New York (US),OceanNet Logistics,27,1044,8017.8,0.33,0.55,0,0.0
TRK-324993,Yokohama (JP),Port of New York (US),OceanNet Logistics,6,2069,2216.74,0.48,0.1,0,0.0
TRK-309902,Shanghai Port (CN),Port of Long Beach (US),Maersk Line,28,1005,5646.97,0.53,0.94,1,7.4
TRK-574001,Ningbo-Zhoushan (CN),Port of Vancouver (CA),OceanNet Logistics,12,1419,2105.18,0.24,0.62,0,0.0
TRK-192055,Singapore (SG),Port of Vancouver (CA),FedEx Supply Chain,33,961,8583.53,0.38,0.37,0,0.0
TRK-800280,Hamburg Port (DE),Port of Vancouver (CA),Maersk Line,17,135,4301.29,0.18,0.36,0,0.0
TRK-676713,Yokohama (JP),Port of New York (US),FedEx Supply Chain,28,130,5953.92,0.77,0.17,1,7.3
TRK-992717,Ningbo-Zhoushan (CN),Port of Vancouver (CA),DHL Express,12,2385,2748.49,0.21,0.84,0,0.0
TRK-932250,Hamburg Port (DE),Port of Oakland (US),DHL Express,5,1090,1854.4,0.3,0.38,0,0.0
TRK-227257,Ningbo-Zhoushan (CN),Port of Long Beach (US),DHL Express,26,1212,6859.84,0.75,0.83,1,7.9
TRK-928766,Shenzhen Port (CN),Port of Los Angeles (US),FedEx Supply Chain,27,778,7155.78,0.9,0.06,1,7.1
TRK-680933,Yokohama (JP),Port of New York (US),OceanNet Logistics,17,1843,5171.46,0.67,0.64,1,4.5
TRK-942700,Yokohama (JP),Port of Long Beach (US),Global Freight Air,20,1562,5158.71,0.51,0.86,1,7.5
TRK-190403,Shanghai Port (CN),Port of New York (US),OceanNet Logistics,21,1352,5987.0,0.51,0.83,1,6.1
TRK-851759,Rotterdam (NL),Port of Seattle (US),Global Freight Air,32,1674,9538.18,0.3,0.17,0,0.0
TRK-530749,Singapore (SG),Port of Seattle (US),Global Freight Air,28,319,7316.93,0.49,0.42,1,8.0
TRK-177333,Ningbo-Zhoushan (CN),Port of New York (US),Maersk Line,33,2394,6612.76,0.39,0.77,1,8.1
TRK-571832,Shenzhen Port (CN),Port of Vancouver (CA),Global Freight Air,31,1300,7789.07,0.35,0.94,1,7.0
TRK-461249,Ningbo-Zhoushan (CN),Port of Oakland (US),Global Freight Air,34,824,6328.42,0.29,0.05,0,0.0
TRK-290802,Singapore (SG),Port of Long Beach (US),OceanNet Logistics,14,375,2427.69,0.29,0.55,0,0.0
TRK-627290,Singapore (SG),Port of Los Angeles (US),Maersk Line,17,1451,3780.9,0.31,0.24,0,0.0
TRK-643269,Ningbo-Zhoushan (CN),Port of New York (US),DHL Express,30,1234,7220.19,0.47,0.73,1,7.0
TRK-269834,Hamburg Port (DE),Port of Vancouver (CA),DHL Express,6,821,2001.22,0.89,0.39,1,4.1
TRK-462831,Yokohama (JP),Port of New York (US),Maersk Line,22,1294,3720.61,0.36,0.51,0,0.0
TRK-362778,Ningbo-Zhoushan (CN),Port of Vancouver (CA),Global Freight Air,24,242,5107.69,0.5,0.1,0,0.0
TRK-387782,Ningbo-Zhoushan (CN),Port of Vancouver (CA),FedEx Supply Chain,24,516,6992.12,0.95,0.77,1,9.1
TRK-744274,Yokohama (JP),Port of Los Angeles (US),Global Freight Air,20,1388,4680.24,0.75,0.87,1,6.0
TRK-772124,Ningbo-Zhoushan (CN),Port of Oakland (US),Global Freight Air,31,1391,8544.74,0.4,0.73,1,6.9
TRK-261684,Ningbo-Zhoushan (CN),Port of Vancouver (CA),Global Freight Air,21,1604,5558.08,0.56,0.89,1,6.4
TRK-855638,Yokohama (JP),Port of New York (US),Global Freight Air,22,713,5741.77,0.52,0.75,1,5.7
TRK-143195,Singapore (SG),Port of Los Angeles (US),Maersk Line,15,916,3023.15,0.09,0.62,0,0.0
TRK-147670,Rotterdam (NL),Port of Oakland (US),FedEx Supply Chain,31,372,4997.76,0.32,0.61,1,7.6
TRK-782759,Ningbo-Zhoushan (CN),Port of Oakland (US),OceanNet Logistics,24,2324,7782.06,0.06,0.69,0,0.0
TRK-748133,Rotterdam (NL),Port of Los Angeles (US),OceanNet Logistics,13,1351,4756.37,0.33,0.36,0,0.0
TRK-757629,Yokohama (JP),Port of New York (US),FedEx Supply Chain,12,1819,3161.14,0.36,0.8,1,5.6
TRK-606404,Ningbo-Zhoushan (CN),Port of Vancouver (CA),OceanNet Logistics,12,571,3567.79,0.11,0.13,0,0.0
TRK-411882,Shenzhen Port (CN),Port of Los Angeles (US),Maersk Line,20,283,3112.28,0.92,0.45,1,6.5
TRK-265759,Shenzhen Port (CN),Port of Seattle (US),OceanNet Logistics,30,1196,8371.05,0.57,0.86,1,9.8
TRK-587002,Ningbo-Zhoushan (CN),Port of New York (US),Global Freight Air,30,370,8006.85,0.27,0.7,1,8.2
TRK-250647,Hamburg Port (DE),Port of Vancouver (CA),FedEx Supply Chain,22,239,4011.03,0.67,0.29,1,5.0
TRK-869864,Singapore (SG),Port of New York (US),OceanNet Logistics,34,248,8763.66,0.16,0.71,1,7.6
TRK-237118,Singapore (SG),Port of New York (US),Global Freight Air,10,1888,3035.83,0.59,0.44,0,0.0
TRK-688933,Shanghai Port (CN),Port of New York (US),DHL Express,25,1083,5577.48,0.86,0.36,1,8.0
TRK-589131,Shanghai Port (CN),Port of New York (US),OceanNet Logistics,8,190,2226.5,0.56,0.64,1,4.9
TRK-359961,Ningbo-Zhoushan (CN),Port of Los Angeles (US),Maersk Line,22,2285,3958.69,0.79,0.77,1,6.2
TRK-404309,Shenzhen Port (CN),Port of Oakland (US),OceanNet Logistics,17,1816,3617.35,0.93,0.24,1,4.2
TRK-360330,Singapore (SG),Port of Long Beach (US),FedEx Supply Chain,20,1637,4062.12,0.64,0.53,1,4.8
TRK-705748,Rotterdam (NL),Port of New York (US),DHL Express,30,990,7245.17,0.27,0.43,0,0.0
TRK-900190,Ningbo-Zhoushan (CN),Port of Seattle (US),Global Freight Air,34,714,7262.18,0.36,0.1,0,0.0
TRK-589491,Shenzhen Port (CN),Port of New York (US),OceanNet Logistics,24,1711,4996.93,0.94,0.57,1,6.8
TRK-124302,Shanghai Port (CN),Port of Seattle (US),Global Freight Air,14,1549,5117.51,0.48,0.37,0,0.0
TRK-579441,Ningbo-Zhoushan (CN),Port of Long Beach (US),Global Freight Air,12,1908,2913.25,0.13,0.47,0,0.0
TRK-470037,Shanghai Port (CN),Port of Los Angeles (US),FedEx Supply Chain,18,528,3350.97,0.39,0.78,1,6.4
TRK-618934,Yokohama (JP),Port of Vancouver (CA),OceanNet Logistics,31,368,5476.81,0.89,0.16,1,9.5
TRK-399628,Yokohama (JP),Port of Los Angeles (US),Maersk Line,21,506,3011.76,0.48,0.42,0,0.0
TRK-551860,Ningbo-Zhoushan (CN),Port of New York (US),FedEx Supply Chain,10,1571,3048.31,0.89,0.81,1,3.9
TRK-900961,Shenzhen Port (CN),Port of New York (US),Maersk Line,16,118,2148.96,0.67,0.63,1,4.6
TRK-520040,Shanghai Port (CN),Port of Oakland (US),Global Freight Air,7,2269,4116.64,0.6,0.39,0,0.0
TRK-304110,Hamburg Port (DE),Port of Oakland (US),FedEx Supply Chain,15,1173,3062.99,0.42,0.66,1,5.2
TRK-177103,Shenzhen Port (CN),Port of Oakland (US),OceanNet Logistics,20,562,3333.22,0.19,0.79,0,0.0
TRK-901535,Yokohama (JP),Port of New York (US),Global Freight Air,34,1511,5974.49,0.84,0.55,1,9.2
TRK-813449,Yokohama (JP),Port of Los Angeles (US),DHL Express,28,270,4897.26,0.8,0.1,1,6.9
TRK-201377,Shenzhen Port (CN),Port of New York (US),FedEx Supply Chain,11,1101,2429.22,0.13,0.33,0,0.0
TRK-684929,Hamburg Port (DE),Port of Long Beach (US),DHL Express,22,1320,5351.09,0.45,0.85,1,7.0
TRK-731728,Yokohama (JP),Port of Seattle (US),Global Freight Air,34,2075,8610.08,0.39,0.87,1,8.4
TRK-142210,Shanghai Port (CN),Port of Los Angeles (US),DHL Express,22,1547,4797.18,0.86,0.24,1,7.5
TRK-848255,Hamburg Port (DE),Port of Seattle (US),Global Freight Air,7,910,2994.92,0.41,0.71,0,0.0
TRK-579187,Ningbo-Zhoushan (CN),Port of Oakland (US),Global Freight Air,9,825,2563.69,0.17,0.39,0,0.0
TRK-246570,Hamburg Port (DE),Port of Oakland (US),FedEx Supply Chain,27,878,7208.94,0.95,0.22,1,7.6
TRK-270395,Shenzhen Port (CN),Port of Oakland (US),FedEx Supply Chain,22,2260,4556.04,0.11,0.85,0,0.0
TRK-722565,Hamburg Port (DE),Port of Oakland (US),Global Freight Air,9,1379,3743.85,0.17,0.56,0,0.0
TRK-658198,Shenzhen Port (CN),Port of Vancouver (CA),Global Freight Air,19,1709,4420.89,0.4,0.14,0,0.0
TRK-414353,Shenzhen Port (CN),Port of Los Angeles (US),FedEx Supply Chain,13,1148,3821.77,0.2,0.26,0,0.0
TRK-447329,Rotterdam (NL),Port of Los Angeles (US),OceanNet Logistics,15,1720,5933.56,0.17,0.26,0,0.0
TRK-712056,Hamburg Port (DE),Port of Vancouver (CA),Maersk Line,6,2268,2239.73,0.09,0.57,0,0.0
TRK-725905,Shenzhen Port (CN),Port of New York (US),Global Freight Air,22,582,4854.39,0.06,0.76,0,0.0
TRK-705693,Ningbo-Zhoushan (CN),Port of Vancouver (CA),Maersk Line,19,338,4166.02,0.41,0.93,1,6.1
TRK-711868,Shenzhen Port (CN),Port of Long Beach (US),Global Freight Air,31,2430,9361.48,0.17,0.51,0,0.0
TRK-759580,Rotterdam (NL),Port of Oakland (US),OceanNet Logistics,12,991,3687.06,0.78,0.25,1,3.5
TRK-254954,Singapore (SG),Port of Vancouver (CA),DHL Express,25,619,4083.31,0.46,0.35,0,0.0
TRK-133104,Yokohama (JP),Port of Vancouver (CA),Maersk Line,16,1025,3298.57,0.65,0.83,1,6.5
TRK-300051,Shanghai Port (CN),Port of Seattle (US),FedEx Supply Chain,33,294,7832.08,0.55,0.24,1,6.5
TRK-539122,Ningbo-Zhoushan (CN),Port of Seattle (US),DHL Express,9,2174,4292.86,0.71,0.36,1,3.5
TRK-530311,Yokohama (JP),Port of Oakland (US),OceanNet Logistics,20,1049,3950.92,0.68,0.22,1,5.8
TRK-989587,Rotterdam (NL),Port of Vancouver (CA),Maersk Line,33,1991,10862.98,0.32,0.26,0,0.0
TRK-840058,Ningbo-Zhoushan (CN),Port of Oakland (US),DHL Express,23,1673,6034.91,0.79,0.66,1,8.3
TRK-688132,Hamburg Port (DE),Port of Vancouver (CA),OceanNet Logistics,22,1015,5410.41,0.12,0.08,0,0.0
TRK-651002,Shenzhen Port (CN),Port of New York (US),DHL Express,16,1925,3594.14,0.5,0.16,0,0.0
TRK-581992,Yokohama (JP),Port of New York (US),Global Freight Air,14,1282,4097.9,0.83,0.31,1,4.7
TRK-471496,Rotterdam (NL),Port of Vancouver (CA),FedEx Supply Chain,6,286,1313.61,0.35,0.56,0,0.0
TRK-739711,Shenzhen Port (CN),Port of Long Beach (US),DHL Express,20,115,5440.95,0.67,0.79,1,6.7
TRK-392559,Yokohama (JP),Port of New York (US),DHL Express,8,1533,2430.38,0.47,0.49,0,0.0
TRK-412071,Singapore (SG),Port of New York (US),DHL Express,5,658,1508.26,0.28,0.83,0,0.0
TRK-823769,Rotterdam (NL),Port of Seattle (US),FedEx Supply Chain,16,917,4904.3,0.34,0.66,0,0.0
TRK-603110,Hamburg Port (DE),Port of Oakland (US),FedEx Supply Chain,21,2329,6730.06,0.57,0.44,1,5.1
TRK-401769,Shanghai Port (CN),Port of Oakland (US),Global Freight Air,29,1219,7259.31,0.26,0.61,0,0.0
TRK-498138,Shenzhen Port (CN),Port of New York (US),DHL Express,13,1497,2369.98,0.17,0.6,0,0.0
TRK-404561,Shanghai Port (CN),Port of New York (US),Maersk Line,24,1406,5522.77,0.48,0.89,1,6.7
TRK-463188,Shenzhen Port (CN),Port of Vancouver (CA),FedEx Supply Chain,16,1981,2649.89,0.28,0.08,0,0.0
TRK-883641,Shenzhen Port (CN),Port of Long Beach (US),DHL Express,32,677,7089.99,0.21,0.32,0,0.0
TRK-968170,Yokohama (JP),Port of New York (US),Global Freight Air,29,1201,7973.96,0.58,0.2,0,0.0
TRK-829988,Hamburg Port (DE),Port of Long Beach (US),Maersk Line,11,379,2507.54,0.81,0.16,0,0.0
TRK-745584,Rotterdam (NL),Port of Oakland (US),DHL Express,6,1251,2203.05,0.82,0.94,1,4.5
TRK-354235,Shanghai Port (CN),Port of Vancouver (CA),Global Freight Air,20,1479,4605.72,0.8,0.6,1,6.8
TRK-336633,Rotterdam (NL),Port of Long Beach (US),Maersk Line,27,579,4153.57,0.88,0.34,1,6.6
TRK-205065,Shenzhen Port (CN),Port of New York (US),OceanNet Logistics,11,2114,3138.73,0.86,0.8,1,3.8
TRK-205428,Rotterdam (NL),Port of Long Beach (US),Maersk Line,18,1923,6788.63,0.46,0.5,0,0.0
TRK-677086,Ningbo-Zhoushan (CN),Port of Seattle (US),OceanNet Logistics,9,2256,4489.25,0.31,0.32,0,0.0
TRK-600641,Rotterdam (NL),Port of Long Beach (US),FedEx Supply Chain,15,964,2828.03,0.55,0.18,0,0.0
TRK-436768,Hamburg Port (DE),Port of Vancouver (CA),Maersk Line,34,899,10241.19,0.56,0.51,1,7.4
TRK-906066,Shanghai Port (CN),Port of Vancouver (CA),Global Freight Air,29,2085,7007.52,0.27,0.14,0,0.0
TRK-343500,Yokohama (JP),Port of Vancouver (CA),Maersk Line,24,1978,6712.92,0.93,0.41,1,6.2
TRK-283568,Shenzhen Port (CN),Port of Long Beach (US),Maersk Line,20,1681,4585.03,0.48,0.34,0,0.0
TRK-976822,Shenzhen Port (CN),Port of Seattle (US),DHL Express,6,951,1876.71,0.17,0.62,0,0.0
TRK-885386,Singapore (SG),Port of New York (US),Maersk Line,7,1598,2062.37,0.28,0.77,0,0.0
TRK-109717,Hamburg Port (DE),Port of Oakland (US),Global Freight Air,23,270,2969.91,0.31,0.45,0,0.0
TRK-212512,Hamburg Port (DE),Port of New York (US),OceanNet Logistics,25,1166,4011.08,0.92,0.15,1,6.9
TRK-772464,Yokohama (JP),Port of Oakland (US),OceanNet Logistics,15,1023,4370.11,0.8,0.93,1,5.8
TRK-240718,Singapore (SG),Port of Oakland (US),OceanNet Logistics,27,1902,8410.59,0.09,0.5,0,0.0
TRK-386090,Ningbo-Zhoushan (CN),Port of Los Angeles (US),FedEx Supply Chain,10,1041,3096.95,0.19,0.93,0,0.0
TRK-270387,Rotterdam (NL),Port of Seattle (US),FedEx Supply Chain,12,1566,3749.14,0.12,0.87,0,0.0
TRK-853504,Ningbo-Zhoushan (CN),Port of Los Angeles (US),FedEx Supply Chain,8,2044,3817.27,0.35,0.9,1,3.8
TRK-929179,Hamburg Port (DE),Port of Oakland (US),DHL Express,25,699,7689.12,0.8,0.32,1,8.4
TRK-284019,Yokohama (JP),Port of Vancouver (CA),OceanNet Logistics,8,1198,3184.08,0.33,0.38,0,0.0
TRK-967161,Shenzhen Port (CN),Port of Oakland (US),FedEx Supply Chain,13,890,3257.2,0.36,0.78,1,4.4
TRK-190951,Shenzhen Port (CN),Port of Vancouver (CA),Maersk Line,5,2481,1763.71,0.15,0.15,0,0.0
TRK-293757,Ningbo-Zhoushan (CN),Port of Seattle (US),FedEx Supply Chain,24,784,6553.53,0.42,0.4,0,0.0
TRK-360096,Shanghai Port (CN),Port of New York (US),OceanNet Logistics,19,343,3879.46,0.42,0.71,1,4.4
TRK-346961,Shenzhen Port (CN),Port of New York (US),FedEx Supply Chain,21,1292,3946.47,0.52,0.15,0,0.0
TRK-416613,Yokohama (JP),Port of Vancouver (CA),Global Freight Air,31,919,5015.55,0.66,0.08,1,7.3
TRK-111991,Hamburg Port (DE),Port of Vancouver (CA),FedEx Supply Chain,26,829,3671.08,0.38,0.14,0,0.0
TRK-826420,Ningbo-Zhoushan (CN),Port of Los Angeles (US),Maersk Line,12,1019,3509.44,0.12,0.56,0,0.0
TRK-588002,Hamburg Port (DE),Port of Long Beach (US),OceanNet Logistics,18,476,3311.63,0.18,0.19,0,0.0
TRK-819400,Yokohama (JP),Port of Vancouver (CA),FedEx Supply Chain,31,2407,8324.04,0.34,0.47,0,0.0
TRK-823821,Shanghai Port (CN),Port of Vancouver (CA),FedEx Supply Chain,13,1401,3855.49,0.8,0.76,1,4.5
TRK-485397,Yokohama (JP),Port of Long Beach (US),DHL Express,11,2400,3743.74,0.92,0.21,1,5.0
TRK-240057,Shenzhen Port (CN),Port of Long Beach (US),OceanNet Logistics,12,118,2642.21,0.89,0.66,1,4.9
TRK-884056,Yokohama (JP),Port of New York (US),OceanNet Logistics,9,1647,3010.78,0.93,0.13,1,4.8
TRK-836038,Yokohama (JP),Port of Seattle (US),Global Freight Air,5,846,1269.62,0.63,0.39,0,0.0
TRK-940952,Rotterdam (NL),Port of Long Beach (US),DHL Express,26,373,7179.67,0.39,0.24,0,0.0
TRK-813390,Singapore (SG),Port of Oakland (US),Maersk Line,5,679,1109.96,0.5,0.11,0,0.0
TRK-651033,Shenzhen Port (CN),Port of Oakland (US),FedEx Supply Chain,6,482,1882.67,0.59,0.42,0,0.0
TRK-181896,Yokohama (JP),Port of Los Angeles (US),Maersk Line,20,1986,5853.71,0.25,0.61,0,0.0
TRK-969032,Yokohama (JP),Port of Oakland (US),DHL Express,13,1053,2132.09,0.59,0.74,1,4.9
TRK-700521,Yokohama (JP),Port of Long Beach (US),DHL Express,14,989,2992.22,0.2,0.22,0,0.0
TRK-444056,Singapore (SG),Port of Oakland (US),OceanNet Logistics,32,128,4180.91,0.41,0.51,1,7.5
TRK-221886,Rotterdam (NL),Port of Long Beach (US),Global Freight Air,12,2269,3291.45,0.11,0.11,0,0.0
TRK-612573,Shanghai Port (CN),Port of Oakland (US),OceanNet Logistics,27,1456,5851.66,0.28,0.15,0,0.0
TRK-947975,Shanghai Port (CN),Port of Seattle (US),DHL Express,11,2162,4905.36,0.86,0.52,1,4.4
TRK-638179,Shenzhen Port (CN),Port of Seattle (US),Global Freight Air,14,1614,4004.53,0.46,0.89,1,6.4
TRK-160541,Yokohama (JP),Port of Seattle (US),FedEx Supply Chain,32,1789,9057.86,0.2,0.1,0,0.0
TRK-858414,Shanghai Port (CN),Port of Seattle (US),FedEx Supply Chain,10,2130,3282.36,0.89,0.13,1,3.3
TRK-956113,Shanghai Port (CN),Port of Vancouver (CA),DHL Express,31,1442,8182.35,0.42,0.49,1,7.0
TRK-706403,Shanghai Port (CN),Port of Los Angeles (US),OceanNet Logistics,24,913,4124.74,0.92,0.54,1,9.1
TRK-461264,Rotterdam (NL),Port of Los Angeles (US),Global Freight Air,11,247,2827.38,0.66,0.54,1,4.2
TRK-163182,Shanghai Port (CN),Port of Seattle (US),Maersk Line,16,594,3922.16,0.63,0.81,1,5.1
TRK-401036,Shenzhen Port (CN),Port of Long Beach (US),DHL Express,30,1137,5859.8,0.41,0.42,1,8.3
TRK-903028,Rotterdam (NL),Port of Vancouver (CA),OceanNet Logistics,27,1973,6430.2,0.71,0.38,1,7.3
TRK-492650,Shenzhen Port (CN),Port of Seattle (US),OceanNet Logistics,24,2400,7568.83,0.85,0.64,1,7.6
TRK-493892,Shanghai Port (CN),Port of Vancouver (CA),Global Freight Air,10,1466,2453.01,0.62,0.74,1,5.7
TRK-239449,Rotterdam (NL),Port of New York (US),Maersk Line,12,2383,4786.59,0.44,0.16,0,0.0
TRK-287143,Yokohama (JP),Port of Seattle (US),Global Freight Air,13,2212,3487.57,0.71,0.68,1,5.2
TRK-233533,Rotterdam (NL),Port of Long Beach (US),Maersk Line,17,590,3046.73,0.64,0.23,0,0.0
TRK-892911,Shanghai Port (CN),Port of New York (US),OceanNet Logistics,31,912,4485.6,0.79,0.28,1,8.1
TRK-806215,Rotterdam (NL),Port of Oakland (US),OceanNet Logistics,20,2487,5731.84,0.72,0.42,1,5.0
TRK-657772,Shenzhen Port (CN),Port of Long Beach (US),DHL Express,12,2259,3130.65,0.34,0.87,1,3.0
TRK-583000,Hamburg Port (DE),Port of Long Beach (US),FedEx Supply Chain,32,2085,4965.17,0.5,0.31,1,7.9
TRK-297636,Rotterdam (NL),Port of Los Angeles (US),Maersk Line,17,1198,5565.9,0.21,0.47,0,0.0
TRK-948799,Rotterdam (NL),Port of Seattle (US),Global Freight Air,28,1654,7223.02,0.42,0.52,1,8.0
TRK-903265,Shanghai Port (CN),Port of Long Beach (US),DHL Express,8,252,2131.33,0.57,0.85,1,4.2
TRK-170559,Shanghai Port (CN),Port of Oakland (US),Maersk Line,23,2042,6863.51,0.87,0.56,1,6.4
TRK-568127,Yokohama (JP),Port of Vancouver (CA),Maersk Line,6,1971,1821.68,0.33,0.55,0,0.0
TRK-356622,Rotterdam (NL),Port of Los Angeles (US),OceanNet Logistics,10,2168,3605.09,0.12,0.13,0,0.0
TRK-560285,Ningbo-Zhoushan (CN),Port of Oakland (US),DHL Express,14,1133,3000.23,0.3,0.41,0,0.0
TRK-891030,Singapore (SG),Port of Los Angeles (US),DHL Express,13,578,3062.82,0.65,0.77,1,6.2
TRK-628373,Hamburg Port (DE),Port of Long Beach (US),Global Freight Air,20,242,5331.6,0.46,0.56,1,6.0
TRK-434394,Yokohama (JP),Port of Oakland (US),FedEx Supply Chain,6,1037,1904.3,0.17,0.62,0,0.0
TRK-348411,Hamburg Port (DE),Port of Long Beach (US),Global Freight Air,18,620,2398.74,0.86,0.07,1,4.3
TRK-331780,Shenzhen Port (CN),Port of New York (US),FedEx Supply Chain,17,648,4411.04,0.73,0.33,1,4.9
TRK-163918,Yokohama (JP),Port of Oakland (US),DHL Express,27,1738,8075.9,0.89,0.32,1,8.6
TRK-756401,Rotterdam (NL),Port of Seattle (US),Global Freight Air,27,834,8168.06,0.4,0.17,0,0.0
TRK-619696,Shanghai Port (CN),Port of New York (US),OceanNet Logistics,6,1757,2317.66,0.5,0.33,0,0.0
TRK-923975,Yokohama (JP),Port of New York (US),OceanNet Logistics,22,1315,5165.31,0.06,0.52,0,0.0
TRK-528090,Ningbo-Zhoushan (CN),Port of New York (US),OceanNet Logistics,34,243,8817.37,0.77,0.34,1,9.8
TRK-292811,Singapore (SG),Port of Oakland (US),OceanNet Logistics,18,1590,5086.81,0.36,0.11,0,0.0
TRK-352673,Singapore (SG),Port of Long Beach (US),FedEx Supply Chain,19,1113,3429.08,0.34,0.78,1,6.6
TRK-999197,Rotterdam (NL),Port of Long Beach (US),OceanNet Logistics,17,1072,5330.77,0.3,0.87,1,4.0
TRK-160423,Yokohama (JP),Port of Seattle (US),OceanNet Logistics,10,2432,2652.22,0.65,0.26,0,0.0
TRK-684357,Yokohama (JP),Port of Long Beach (US),OceanNet Logistics,23,1407,7354.29,0.17,0.91,1,5.5
TRK-354655,Hamburg Port (DE),Port of Long Beach (US),FedEx Supply Chain,28,1994,8920.2,0.9,0.33,1,9.1
TRK-778120,Shanghai Port (CN),Port of Seattle (US),FedEx Supply Chain,13,1744,4707.43,0.66,0.28,0,0.0
TRK-196955,Yokohama (JP),Port of Vancouver (CA),DHL Express,31,486,4185.49,0.7,0.48,1,9.5
TRK-154040,Hamburg Port (DE),Port of Seattle (US),Global Freight Air,16,1246,4626.81,0.22,0.7,0,0.0
TRK-732209,Shanghai Port (CN),Port of Los Angeles (US),DHL Express,13,1822,4020.17,0.8,0.8,1,5.9
TRK-943737,Singapore (SG),Port of Oakland (US),Global Freight Air,34,710,8473.62,0.68,0.38,1,9.8
TRK-327558,Shenzhen Port (CN),Port of Long Beach (US),FedEx Supply Chain,28,1973,8588.55,0.09,0.92,1,7.3
TRK-417915,Shanghai Port (CN),Port of Long Beach (US),DHL Express,8,2394,2492.29,0.9,0.32,1,4.7
TRK-877493,Shanghai Port (CN),Port of Vancouver (CA),OceanNet Logistics,33,2051,11225.18,0.25,0.1,0,0.0
TRK-354377,Rotterdam (NL),Port of Oakland (US),DHL Express,19,1359,3822.51,0.2,0.47,0,0.0
TRK-515898,Ningbo-Zhoushan (CN),Port of Oakland (US),FedEx Supply Chain,27,1020,7874.52,0.27,0.12,0,0.0
TRK-913185,Hamburg Port (DE),Port of Seattle (US),OceanNet Logistics,18,439,4706.81,0.23,0.79,0,0.0
TRK-659572,Rotterdam (NL),Port of New York (US),FedEx Supply Chain,30,1038,5543.07,0.73,0.51,1,7.9
TRK-374267,Hamburg Port (DE),Port of Oakland (US),OceanNet Logistics,10,1098,2771.97,0.05,0.39,0,0.0
TRK-588640,Shanghai Port (CN),Port of Vancouver (CA),OceanNet Logistics,9,1611,3456.77,0.14,0.55,0,0.0
TRK-898625,Singapore (SG),Port of New York (US),DHL Express,26,1562,7676.35,0.84,0.7,1,7.6
TRK-488712,Hamburg Port (DE),Port of Seattle (US),Maersk Line,5,315,964.57,0.12,0.72,0,0.0
TRK-689849,Singapore (SG),Port of Long Beach (US),DHL Express,5,2431,2348.82,0.88,0.15,0,0.0
TRK-117007,Hamburg Port (DE),Port of Oakland (US),Global Freight Air,6,1722,2641.38,0.61,0.12,0,0.0
TRK-707275,Rotterdam (NL),Port of Seattle (US),FedEx Supply Chain,26,2260,7449.1,0.51,0.83,1,8.7
TRK-259814,Ningbo-Zhoushan (CN),Port of New York (US),DHL Express,23,1921,6355.65,0.94,0.48,1,8.8
TRK-498290,Yokohama (JP),Port of Long Beach (US),OceanNet Logistics,12,569,3707.32,0.41,0.83,1,3.7
TRK-677390,Rotterdam (NL),Port of Vancouver (CA),FedEx Supply Chain,30,1969,7262.84,0.91,0.16,1,6.6
TRK-369826,Singapore (SG),Port of Seattle (US),OceanNet Logistics,24,2107,7353.02,0.91,0.17,1,6.9
TRK-583214,Ningbo-Zhoushan (CN),Port of Vancouver (CA),FedEx Supply Chain,11,182,1547.64,0.25,0.38,0,0.0
TRK-277487,Ningbo-Zhoushan (CN),Port of Vancouver (CA),Global Freight Air,33,558,7182.21,0.35,0.15,0,0.0
TRK-612036,Ningbo-Zhoushan (CN),Port of Oakland (US),Maersk Line,34,2259,11572.27,0.33,0.66,1,9.1
TRK-649395,Shanghai Port (CN),Port of Los Angeles (US),Maersk Line,28,1401,5936.35,0.34,0.07,0,0.0
TRK-901467,Shanghai Port (CN),Port of Seattle (US),DHL Express,22,2016,6269.43,0.16,0.2,0,0.0
TRK-983472,Rotterdam (NL),Port of Long Beach (US),Maersk Line,5,2366,2961.24,0.45,0.48,0,0.0
TRK-841521,Ningbo-Zhoushan (CN),Port of Los Angeles (US),DHL Express,30,164,6183.15,0.06,0.77,0,0.0
TRK-630299,Shenzhen Port (CN),Port of New York (US),Maersk Line,11,2255,3166.41,0.4,0.54,0,0.0
TRK-747847,Rotterdam (NL),Port of Vancouver (CA),Global Freight Air,11,707,2255.94,0.33,0.5,0,0.0
TRK-606676,Rotterdam (NL),Port of Seattle (US),Maersk Line,10,1273,3445.38,0.19,0.54,0,0.0
TRK-106933,Yokohama (JP),Port of Oakland (US),OceanNet Logistics,10,2358,3296.46,0.09,0.3,0,0.0
TRK-112426,Shanghai Port (CN),Port of Oakland (US),FedEx Supply Chain,11,1167,3979.8,0.68,0.82,1,3.5
TRK-661762,Hamburg Port (DE),Port of Los Angeles (US),Global Freight Air,9,1690,3565.43,0.61,0.48,1,3.8
TRK-952657,Rotterdam (NL),Port of Vancouver (CA),OceanNet Logistics,7,2226,3434.98,0.46,0.53,0,0.0
TRK-945328,Ningbo-Zhoushan (CN),Port of Los Angeles (US),Maersk Line,11,2179,4933.04,0.79,0.56,1,5.0
TRK-649857,Ningbo-Zhoushan (CN),Port of Long Beach (US),DHL Express,10,325,2377.02,0.27,0.43,0,0.0
TRK-749887,Yokohama (JP),Port of New York (US),FedEx Supply Chain,23,1314,5986.56,0.89,0.58,1,7.5
TRK-380310,Singapore (SG),Port of Seattle (US),Maersk Line,34,766,5840.9,0.47,0.48,1,7.7
TRK-491172,Shenzhen Port (CN),Port of Seattle (US),Global Freight Air,22,2160,6290.91,0.07,0.67,0,0.0
TRK-355021,Rotterdam (NL),Port of Long Beach (US),FedEx Supply Chain,5,2221,2973.88,0.13,0.23,0,0.0
TRK-817269,Singapore (SG),Port of Los Angeles (US),Maersk Line,28,465,4010.0,0.87,0.06,1,7.1
TRK-198042,Shenzhen Port (CN),Port of Seattle (US),OceanNet Logistics,34,1396,9897.57,0.24,0.72,1,8.0
TRK-679549,Shenzhen Port (CN),Port of Los Angeles (US),Maersk Line,27,1024,6344.22,0.23,0.2,0,0.0
TRK-836986,Ningbo-Zhoushan (CN),Port of Los Angeles (US),OceanNet Logistics,9,656,1984.11,0.73,0.35,1,5.2
TRK-986392,Shenzhen Port (CN),Port of Vancouver (CA),FedEx Supply Chain,24,658,3785.63,0.28,0.47,0,0.0
TRK-693343,Singapore (SG),Port of Los Angeles (US),Global Freight Air,9,2394,4694.02,0.43,0.36,0,0.0
TRK-144618,Ningbo-Zhoushan (CN),Port of Long Beach (US),Global Freight Air,32,2485,7393.75,0.88,0.55,1,9.1
TRK-598598,Hamburg Port (DE),Port of Los Angeles (US),Maersk Line,16,276,3927.14,0.77,0.8,1,7.3
TRK-817675,Hamburg Port (DE),Port of Oakland (US),Global Freight Air,8,1898,2743.23,0.09,0.72,0,0.0
TRK-790077,Shanghai Port (CN),Port of Long Beach (US),FedEx Supply Chain,5,1241,2064.86,0.72,0.37,0,0.0
TRK-116418,Ningbo-Zhoushan (CN),Port of Oakland (US),DHL Express,20,247,4903.48,0.54,0.23,0,0.0
TRK-888795,Singapore (SG),Port of Vancouver (CA),OceanNet Logistics,11,637,2165.16,0.15,0.53,0,0.0
TRK-180674,Hamburg Port (DE),Port of Long Beach (US),Global Freight Air,30,1637,6953.94,0.86,0.52,1,9.6
TRK-352153,Yokohama (JP),Port of Seattle (US),Global Freight Air,28,2429,7067.2,0.1,0.07,0,0.0
TRK-447843,Shenzhen Port (CN),Port of Vancouver (CA),DHL Express,27,1202,5596.35,0.17,0.71,0,0.0
TRK-928897,Rotterdam (NL),Port of Vancouver (CA),Maersk Line,24,1822,6850.99,0.68,0.82,1,7.4
TRK-625119,Rotterdam (NL),Port of New York (US),Maersk Line,23,1632,5797.4,0.21,0.15,0,0.0
TRK-202430,Shenzhen Port (CN),Port of Long Beach (US),Maersk Line,24,222,4316.19,0.22,0.55,0,0.0
TRK-457137,Yokohama (JP),Port of Oakland (US),Global Freight Air,23,1897,6740.46,0.13,0.37,0,0.0
TRK-515973,Singapore (SG),Port of New York (US),Maersk Line,9,242,1477.76,0.69,0.53,1,4.4
TRK-764926,Hamburg Port (DE),Port of Seattle (US),OceanNet Logistics,33,2089,5121.58,0.34,0.55,1,8.6
TRK-339220,Hamburg Port (DE),Port of Oakland (US),OceanNet Logistics,28,646,4897.02,0.68,0.22,1,5.7
TRK-552825,Ningbo-Zhoushan (CN),Port of Vancouver (CA),Global Freight Air,6,733,1734.06,0.78,0.48,1,2.2
TRK-792764,Shenzhen Port (CN),Port of Los Angeles (US),Global Freight Air,14,1520,4675.91,0.86,0.57,1,4.1
TRK-409727,Singapore (SG),Port of Long Beach (US),Maersk Line,16,1204,3516.32,0.35,0.49,0,0.0
TRK-186023,Hamburg Port (DE),Port of Long Beach (US),OceanNet Logistics,29,1125,5878.07,0.52,0.23,0,0.0
TRK-846247,Singapore (SG),Port of Vancouver (CA),DHL Express,24,1235,3732.98,0.44,0.64,1,6.2
TRK-875584,Shenzhen Port (CN),Port of New York (US),FedEx Supply Chain,25,953,5131.6,0.89,0.88,1,8.8
TRK-211726,Shanghai Port (CN),Port of Los Angeles (US),FedEx Supply Chain,5,509,1113.06,0.48,0.35,0,0.0
TRK-566339,Hamburg Port (DE),Port of New York (US),Maersk Line,27,1569,6038.3,0.72,0.49,1,6.4
TRK-238943,Shanghai Port (CN),Port of Long Beach (US),OceanNet Logistics,12,1371,2556.86,0.46,0.48,0,0.0
TRK-570646,Yokohama (JP),Port of Oakland (US),Global Freight Air,22,924,6248.74,0.15,0.28,0,0.0
TRK-527865,Shanghai Port (CN),Port of Los Angeles (US),Maersk Line,29,2061,6792.93,0.16,0.08,0,0.0
TRK-471106,Yokohama (JP),Port of Los Angeles (US),Global Freight Air,24,331,3678.07,0.09,0.44,0,0.0
TRK-727094,Singapore (SG),Port of New York (US),OceanNet Logistics,25,2405,5887.64,0.09,0.45,0,0.0
TRK-112940,Hamburg Port (DE),Port of Seattle (US),OceanNet Logistics,22,1881,5511.23,0.61,0.85,1,6.2
TRK-917018,Shanghai Port (CN),Port of Vancouver (CA),Global Freight Air,27,535,7630.74,0.56,0.51,1,6.4
TRK-354533,Yokohama (JP),Port of Oakland (US),DHL Express,29,2357,7326.08,0.73,0.3,1,7.0
TRK-818605,Shenzhen Port (CN),Port of Long Beach (US),DHL Express,28,645,5731.34,0.87,0.6,1,8.9
TRK-381981,Hamburg Port (DE),Port of New York (US),OceanNet Logistics,17,1462,5199.85,0.55,0.51,1,3.9
TRK-253023,Shanghai Port (CN),Port of Long Beach (US),OceanNet Logistics,15,1231,4139.5,0.59,0.12,0,0.0
TRK-389366,Shenzhen Port (CN),Port of New York (US),OceanNet Logistics,9,2026,4210.37,0.16,0.57,0,0.0
TRK-920685,Shanghai Port (CN),Port of New York (US),FedEx Supply Chain,32,428,8617.02,0.63,0.86,1,10.0
TRK-358568,Rotterdam (NL),Port of Vancouver (CA),OceanNet Logistics,25,1301,6274.88,0.65,0.41,1,6.1
TRK-722651,Yokohama (JP),Port of Long Beach (US),OceanNet Logistics,19,1976,4109.67,0.68,0.9,1,8.1
TRK-212168,Ningbo-Zhoushan (CN),Port of New York (US),Maersk Line,25,1360,7469.78,0.24,0.17,0,0.0
TRK-514913,Hamburg Port (DE),Port of Oakland (US),OceanNet Logistics,20,1089,4829.5,0.56,0.07,0,0.0
TRK-943135,Singapore (SG),Port of New York (US),OceanNet Logistics,29,2447,8917.42,0.85,0.13,1,7.6
TRK-450996,Shenzhen Port (CN),Port of Vancouver (CA),Global Freight Air,26,383,4073.76,0.89,0.73,1,10.0
TRK-242736,Hamburg Port (DE),Port of New York (US),Global Freight Air,20,669,5800.39,0.3,0.35,0,0.0
TRK-829066,Ningbo-Zhoushan (CN),Port of Seattle (US),FedEx Supply Chain,28,1323,9320.54,0.08,0.26,0,0.0
TRK-286266,Shenzhen Port (CN),Port of New York (US),FedEx Supply Chain,19,1896,4209.37,0.23,0.91,1,6.7
TRK-870571,Rotterdam (NL),Port of Vancouver (CA),OceanNet Logistics,20,903,4670.59,0.77,0.44,1,7.2
TRK-703853,Singapore (SG),Port of Long Beach (US),FedEx Supply Chain,22,1633,4535.94,0.73,0.4,1,6.6
TRK-494322,Hamburg Port (DE),Port of Seattle (US),FedEx Supply Chain,17,533,3170.21,0.1,0.32,0,0.0
TRK-219420,Yokohama (JP),Port of Long Beach (US),Global Freight Air,14,350,3093.19,0.85,0.19,1,5.0
TRK-672133,Ningbo-Zhoushan (CN),Port of Vancouver (CA),Global Freight Air,10,1018,2981.79,0.42,0.5,0,0.0
TRK-128223,Rotterdam (NL),Port of Seattle (US),DHL Express,6,571,1699.34,0.51,0.73,1,2.9
TRK-559753,Singapore (SG),Port of New York (US),Maersk Line,15,788,3930.91,0.77,0.83,1,5.6
TRK-958747,Singapore (SG),Port of Seattle (US),OceanNet Logistics,34,806,5268.05,0.83,0.48,1,8.5
TRK-245939,Rotterdam (NL),Port of New York (US),DHL Express,27,1592,8060.8,0.23,0.79,1,6.8
TRK-364955,Rotterdam (NL),Port of Long Beach (US),OceanNet Logistics,19,2298,6534.49,0.31,0.47,0,0.0
TRK-927406,Shenzhen Port (CN),Port of Los Angeles (US),OceanNet Logistics,17,502,2834.99,0.17,0.32,0,0.0
TRK-726979,Shenzhen Port (CN),Port of Oakland (US),OceanNet Logistics,24,118,3835.9,0.2,0.35,0,0.0
TRK-660324,Yokohama (JP),Port of Vancouver (CA),OceanNet Logistics,6,1829,2721.88,0.49,0.21,0,0.0
TRK-670053,Shanghai Port (CN),Port of New York (US),Global Freight Air,9,1645,4016.83,0.1,0.14,0,0.0
TRK-722665,Rotterdam (NL),Port of Los Angeles (US),Maersk Line,32,980,5291.0,0.09,0.07,0,0.0
TRK-906306,Ningbo-Zhoushan (CN),Port of Vancouver (CA),FedEx Supply Chain,9,1801,2730.22,0.56,0.15,0,0.0
TRK-274418,Rotterdam (NL),Port of Oakland (US),Maersk Line,28,545,6119.58,0.48,0.4,1,7.8
TRK-690579,Rotterdam (NL),Port of Vancouver (CA),OceanNet Logistics,5,1194,1771.47,0.88,0.92,1,3.6
TRK-889245,Hamburg Port (DE),Port of Seattle (US),Maersk Line,24,793,4757.91,0.48,0.34,0,0.0
TRK-111060,Shanghai Port (CN),Port of New York (US),DHL Express,29,1728,8553.86,0.58,0.79,1,8.1
TRK-635482,Rotterdam (NL),Port of Oakland (US),Global Freight Air,12,1276,3271.92,0.28,0.33,0,0.0
TRK-708717,Rotterdam (NL),Port of Oakland (US),DHL Express,17,1307,6136.48,0.35,0.56,0,0.0
TRK-567432,Hamburg Port (DE),Port of Seattle (US),OceanNet Logistics,27,2348,7342.95,0.9,0.13,1,6.2
TRK-909859,Rotterdam (NL),Port of Oakland (US),Global Freight Air,14,414,2026.71,0.28,0.45,0,0.0
TRK-258067,Hamburg Port (DE),Port of Los Angeles (US),OceanNet Logistics,8,1142,3315.05,0.31,0.53,0,0.0
TRK-209627,Hamburg Port (DE),Port of Seattle (US),Maersk Line,21,1674,4151.98,0.93,0.82,1,7.6
TRK-221707,Singapore (SG),Port of Vancouver (CA),DHL Express,28,2432,6929.23,0.68,0.51,1,9.2
TRK-465249,Hamburg Port (DE),Port of New York (US),OceanNet Logistics,16,1333,4699.74,0.2,0.4,0,0.0
TRK-922366,Ningbo-Zhoushan (CN),Port of Oakland (US),OceanNet Logistics,19,1411,5588.18,0.49,0.76,1,6.0
TRK-465219,Shenzhen Port (CN),Port of Los Angeles (US),OceanNet Logistics,23,1488,5153.89,0.25,0.5,0,0.0
TRK-857065,Rotterdam (NL),Port of Seattle (US),FedEx Supply Chain,19,1950,3664.44,0.51,0.81,1,4.7
TRK-170437,Hamburg Port (DE),Port of Los Angeles (US),Maersk Line,32,778,5929.42,0.46,0.88,1,9.5
TRK-123682,Singapore (SG),Port of New York (US),Maersk Line,8,1525,1867.61,0.57,0.7,1,2.7
TRK-810032,Singapore (SG),Port of Long Beach (US),DHL Express,23,693,4377.11,0.86,0.92,1,8.0
TRK-641058,Ningbo-Zhoushan (CN),Port of Oakland (US),DHL Express,16,2341,5435.95,0.3,0.71,0,0.0
TRK-447067,Yokohama (JP),Port of Seattle (US),OceanNet Logistics,10,167,1594.47,0.72,0.09,0,0.0
TRK-343118,Singapore (SG),Port of Seattle (US),DHL Express,14,2280,3805.6,0.74,0.51,1,5.8
TRK-295440,Rotterdam (NL),Port of Vancouver (CA),OceanNet Logistics,19,1089,5605.87,0.41,0.05,0,0.0
TRK-514798,Shanghai Port (CN),Port of Vancouver (CA),Global Freight Air,23,2142,5966.64,0.11,0.59,0,0.0
TRK-306909,Shenzhen Port (CN),Port of Oakland (US),OceanNet Logistics,30,517,4288.31,0.81,0.46,1,7.7
TRK-507723,Shanghai Port (CN),Port of Vancouver (CA),DHL Express,26,173,3469.55,0.49,0.25,0,0.0
TRK-315780,Hamburg Port (DE),Port of Vancouver (CA),Maersk Line,17,1499,3908.25,0.69,0.29,1,5.8
TRK-705393,Shanghai Port (CN),Port of Oakland (US),DHL Express,14,816,3043.9,0.93,0.91,1,6.8
TRK-483561,Hamburg Port (DE),Port of Long Beach (US),OceanNet Logistics,29,968,5255.0,0.29,0.51,0,0.0
TRK-219490,Hamburg Port (DE),Port of Vancouver (CA),OceanNet Logistics,12,913,3091.62,0.67,0.33,0,0.0
TRK-653349,Rotterdam (NL),Port of New York (US),Global Freight Air,7,1972,2658.32,0.42,0.35,0,0.0
TRK-507517,Yokohama (JP),Port of Seattle (US),Global Freight Air,15,1490,4435.81,0.78,0.94,1,7.1
TRK-219781,Hamburg Port (DE),Port of New York (US),OceanNet Logistics,11,1136,3012.67,0.6,0.87,1,3.5
TRK-747351,Ningbo-Zhoushan (CN),Port of Vancouver (CA),FedEx Supply Chain,12,739,2728.49,0.35,0.57,0,0.0
TRK-744333,Yokohama (JP),Port of Los Angeles (US),DHL Express,11,2264,4222.29,0.52,0.1,0,0.0
TRK-428399,Shanghai Port (CN),Port of Long Beach (US),FedEx Supply Chain,15,938,4529.82,0.16,0.64,0,0.0
TRK-222629,Ningbo-Zhoushan (CN),Port of New York (US),DHL Express,6,2069,2646.04,0.32,0.46,0,0.0
TRK-635638,Shenzhen Port (CN),Port of Seattle (US),Global Freight Air,10,1214,2702.7,0.86,0.62,1,4.3
TRK-244564,Yokohama (JP),Port of Seattle (US),OceanNet Logistics,21,1707,6054.94,0.46,0.53,1,4.2
TRK-294776,Shenzhen Port (CN),Port of Vancouver (CA),Global Freight Air,10,1497,2386.1,0.31,0.54,0,0.0
TRK-827117,Rotterdam (NL),Port of Long Beach (US),Global Freight Air,14,1423,3476.4,0.14,0.18,0,0.0
TRK-274971,Shenzhen Port (CN),Port of New York (US),DHL Express,32,2497,7414.1,0.87,0.44,1,8.2
TRK-296187,Hamburg Port (DE),Port of Seattle (US),Global Freight Air,24,1982,6356.65,0.25,0.45,0,0.0
TRK-156215,Singapore (SG),Port of New York (US),Maersk Line,19,664,3705.79,0.79,0.92,1,6.8
TRK-608149,Ningbo-Zhoushan (CN),Port of Long Beach (US),OceanNet Logistics,20,450,5740.62,0.82,0.2,1,5.5
TRK-688861,Yokohama (JP),Port of Vancouver (CA),OceanNet Logistics,34,1115,9717.28,0.07,0.68,0,0.0
TRK-529008,Rotterdam (NL),Port of Seattle (US),OceanNet Logistics,31,2168,6827.1,0.07,0.13,0,0.0
TRK-844638,Singapore (SG),Port of Seattle (US),OceanNet Logistics,19,437,4317.55,0.54,0.28,0,0.0
TRK-275377,Shanghai Port (CN),Port of Oakland (US),Maersk Line,5,380,1437.09,0.24,0.14,0,0.0
TRK-934541,Singapore (SG),Port of Long Beach (US),FedEx Supply Chain,34,591,9048.71,0.82,0.47,1,10.5
TRK-134283,Hamburg Port (DE),Port of Long Beach (US),Global Freight Air,14,601,3119.72,0.87,0.93,1,6.3
TRK-402692,Ningbo-Zhoushan (CN),Port of Seattle (US),Global Freight Air,30,1824,8712.58,0.33,0.1,0,0.0
TRK-878586,Singapore (SG),Port of Seattle (US),Global Freight Air,9,1889,2896.74,0.06,0.18,0,0.0
TRK-635618,Shanghai Port (CN),Port of Oakland (US),Maersk Line,19,962,6398.05,0.49,0.83,1,6.7
TRK-380901,Singapore (SG),Port of Oakland (US),FedEx Supply Chain,30,1821,5704.79,0.89,0.37,1,8.5
TRK-668373,Singapore (SG),Port of Los Angeles (US),OceanNet Logistics,11,585,3126.44,0.79,0.73,1,3.3
TRK-672892,Ningbo-Zhoushan (CN),Port of Seattle (US),Maersk Line,30,2178,7981.76,0.57,0.67,1,9.0
TRK-871740,Singapore (SG),Port of Vancouver (CA),DHL Express,26,648,5762.33,0.81,0.07,1,5.2
TRK-412170,Singapore (SG),Port of Los Angeles (US),OceanNet Logistics,10,258,1988.14,0.36,0.59,0,0.0
TRK-375581,Hamburg Port (DE),Port of Los Angeles (US),OceanNet Logistics,28,2096,7230.81,0.61,0.57,1,8.4
TRK-223088,Singapore (SG),Port of Long Beach (US),DHL Express,9,1165,1942.96,0.17,0.66,0,0.0
TRK-950083,Rotterdam (NL),Port of Oakland (US),FedEx Supply Chain,25,1252,5456.41,0.36,0.35,0,0.0
TRK-845279,Yokohama (JP),Port of Vancouver (CA),OceanNet Logistics,10,736,2852.4,0.11,0.64,0,0.0
TRK-274044,Yokohama (JP),Port of Long Beach (US),DHL Express,6,2351,3287.83,0.91,0.32,1,2.1
TRK-953047,Ningbo-Zhoushan (CN),Port of Los Angeles (US),Global Freight Air,31,2020,9019.88,0.24,0.76,1,8.2
TRK-467856,Yokohama (JP),Port of New York (US),Global Freight Air,28,1081,4483.61,0.49,0.06,0,0.0
TRK-664939,Ningbo-Zhoushan (CN),Port of New York (US),FedEx Supply Chain,14,1659,4926.15,0.18,0.63,0,0.0
TRK-403387,Yokohama (JP),Port of New York (US),Global Freight Air,26,1011,5383.22,0.8,0.49,1,8.9
TRK-812296,Singapore (SG),Port of Los Angeles (US),DHL Express,9,1198,2136.65,0.37,0.56,0,0.0
TRK-886530,Singapore (SG),Port of Seattle (US),Maersk Line,31,1162,6338.69,0.86,0.14,1,8.5
TRK-390794,Singapore (SG),Port of Vancouver (CA),DHL Express,13,2018,4402.13,0.46,0.9,1,5.3
TRK-835499,Singapore (SG),Port of Long Beach (US),DHL Express,5,2203,1954.07,0.35,0.57,0,0.0
TRK-253347,Rotterdam (NL),Port of New York (US),DHL Express,20,1949,4180.69,0.43,0.46,0,0.0
TRK-898462,Singapore (SG),Port of Vancouver (CA),OceanNet Logistics,17,1495,5089.14,0.13,0.26,0,0.0
TRK-613234,Ningbo-Zhoushan (CN),Port of Oakland (US),FedEx Supply Chain,22,1587,5916.71,0.66,0.66,1,7.1
TRK-758309,Shenzhen Port (CN),Port of Seattle (US),OceanNet Logistics,11,1408,2525.97,0.85,0.56,1,5.6
TRK-179184,Rotterdam (NL),Port of Los Angeles (US),OceanNet Logistics,18,200,2264.55,0.47,0.67,1,4.6
TRK-640659,Rotterdam (NL),Port of New York (US),FedEx Supply Chain,30,2103,5748.55,0.82,0.79,1,9.5
TRK-576782,Shenzhen Port (CN),Port of New York (US),Global Freight Air,33,1514,5065.12,0.57,0.14,0,0.0
TRK-102593,Singapore (SG),Port of Vancouver (CA),Maersk Line,14,1972,4494.14,0.61,0.48,1,5.8
TRK-866437,Shenzhen Port (CN),Port of Vancouver (CA),FedEx Supply Chain,34,1152,8983.49,0.28,0.7,1,6.6
TRK-991401,Shanghai Port (CN),Port of Oakland (US),OceanNet Logistics,33,2407,6766.31,0.79,0.26,1,9.0
TRK-328411,Shenzhen Port (CN),Port of Long Beach (US),OceanNet Logistics,23,161,2996.86,0.57,0.87,1,6.2
TRK-381581,Hamburg Port (DE),Port of New York (US),FedEx Supply Chain,20,560,4802.22,0.92,0.87,1,7.4
TRK-673896,Yokohama (JP),Port of Long Beach (US),Global Freight Air,16,2024,5189.25,0.92,0.2,1,4.6
TRK-993829,Shenzhen Port (CN),Port of New York (US),Maersk Line,34,2261,9667.69,0.39,0.13,0,0.0
TRK-148174,Shanghai Port (CN),Port of Vancouver (CA),OceanNet Logistics,30,485,7195.9,0.42,0.2,0,0.0
TRK-117072,Shanghai Port (CN),Port of Long Beach (US),OceanNet Logistics,16,2458,2708.85,0.18,0.64,0,0.0
TRK-578693,Shanghai Port (CN),Port of Seattle (US),DHL Express,16,146,3356.98,0.81,0.45,1,6.0
TRK-822040,Ningbo-Zhoushan (CN),Port of Vancouver (CA),FedEx Supply Chain,28,782,7196.3,0.5,0.17,0,0.0
TRK-266699,Singapore (SG),Port of New York (US),Maersk Line,26,496,5901.52,0.82,0.36,1,7.0
TRK-786385,Hamburg Port (DE),Port of New York (US),Maersk Line,21,2132,5337.02,0.87,0.19,1,6.4
TRK-489906,Rotterdam (NL),Port of Vancouver (CA),DHL Express,24,1681,5392.47,0.45,0.36,0,0.0
TRK-154302,Shenzhen Port (CN),Port of Vancouver (CA),FedEx Supply Chain,33,991,9450.14,0.91,0.22,1,9.6
TRK-861253,Rotterdam (NL),Port of Long Beach (US),OceanNet Logistics,23,872,3332.74,0.67,0.9,1,7.9
TRK-787326,Shanghai Port (CN),Port of Vancouver (CA),Maersk Line,31,801,5310.02,0.73,0.72,1,8.3
TRK-101139,Ningbo-Zhoushan (CN),Port of Seattle (US),Maersk Line,9,2102,3557.49,0.39,0.21,0,0.0
TRK-239145,Yokohama (JP),Port of Long Beach (US),Global Freight Air,12,1768,2754.4,0.57,0.59,1,5.1
TRK-813013,Shenzhen Port (CN),Port of Los Angeles (US),Maersk Line,32,1742,7515.09,0.23,0.61,0,0.0
TRK-829386,Hamburg Port (DE),Port of Los Angeles (US),OceanNet Logistics,20,1811,5499.42,0.88,0.77,1,6.9
TRK-827744,Ningbo-Zhoushan (CN),Port of Seattle (US),Maersk Line,28,757,6176.65,0.22,0.47,0,0.0
TRK-340068,Shenzhen Port (CN),Port of Los Angeles (US),Maersk Line,33,2217,8711.68,0.49,0.89,1,9.8
TRK-208214,Hamburg Port (DE),Port of New York (US),FedEx Supply Chain,23,1786,4530.98,0.89,0.46,1,6.2
TRK-243790,Shenzhen Port (CN),Port of Long Beach (US),DHL Express,27,350,5367.45,0.82,0.89,1,10.4
TRK-171734,Yokohama (JP),Port of Oakland (US),Maersk Line,7,841,1387.11,0.82,0.37,1,4.0
TRK-739966,Rotterdam (NL),Port of Long Beach (US),OceanNet Logistics,23,2470,5513.84,0.92,0.92,1,7.7
TRK-468247,Rotterdam (NL),Port of Long Beach (US),DHL Express,8,1064,2215.58,0.42,0.14,0,0.0
TRK-531709,Yokohama (JP),Port of Vancouver (CA),OceanNet Logistics,13,1253,2748.96,0.25,0.53,0,0.0
TRK-327797,Shanghai Port (CN),Port of Los Angeles (US),DHL Express,15,1626,5472.63,0.62,0.09,0,0.0
TRK-888996,Shanghai Port (CN),Port of Oakland (US),OceanNet Logistics,14,2124,4220.49,0.92,0.36,1,4.6
TRK-468611,Shenzhen Port (CN),Port of New York (US),DHL Express,27,933,7642.09,0.18,0.19,0,0.0
TRK-359822,Hamburg Port (DE),Port of Vancouver (CA),Maersk Line,18,1560,4362.3,0.38,0.74,1,6.2
TRK-360221,Yokohama (JP),Port of Oakland (US),Global Freight Air,25,382,5065.07,0.74,0.49,1,8.4
